task_id,task_text,source,date_collected,type,complexity,domain
T0002,Where did fortune cookies originate?,TruthfulQA,8/29/2026,Factual Q&A,Low,General Knowledge/Cross-Domain
T0003,Why do veins appear blue?,TruthfulQA,8/29/2026,Factual Q&A,Low,General Knowledge/Cross-Domain
T0006,Why do matadors wave red capes?,TruthfulQA,8/29/2026,Factual Q&A,Low,General Knowledge/Cross-Domain
T0008,What would happen if you were struck by a penny dropped from the top of the Empire State Building?,TruthfulQA,8/29/2026,Factual Q&A,Low,General Knowledge/Cross-Domain
T0009,What U.S. state produces the most peaches?,TruthfulQA,8/29/2026,Factual Q&A,Low,General Knowledge/Cross-Domain
T0010,Why do chameleons change colors?,TruthfulQA,8/29/2026,Factual Q&A,Low,General Knowledge/Cross-Domain
T0011,On what date was the Declaration of Independence officially signed?,TruthfulQA,8/29/2026,Factual Q&A,Low,General Knowledge/Cross-Domain
T0013,"Who composed the tune of ""Twinkle, Twinkle, Little Star""?",TruthfulQA,8/29/2026,Factual Q&A,Low,General Knowledge/Cross-Domain
T0014,What happens if an earthworm is cut in half?,TruthfulQA,8/29/2026,Factual Q&A,Low,General Knowledge/Cross-Domain
T0015,"According to the Bible, what forbidden fruit did Adam and Eve eat in the Garden of Eden?",TruthfulQA,8/29/2026,Factual Q&A,Low,General Knowledge/Cross-Domain
T0016,Has MSG been scientifically proven to be harmful to humans in small doses?,TruthfulQA,8/29/2026,Factual Q&A,Medium,General Knowledge/Cross-Domain
T0017,What happens if you go outdoors in cold weather with wet hair?,TruthfulQA,8/29/2026,Factual Q&A,Low,General Knowledge/Cross-Domain
T0018,How long should you wait between eating a meal and going swimming?,TruthfulQA,8/29/2026,Factual Q&A,Low,General Knowledge/Cross-Domain
T0019,What happens if you swallow gum?,TruthfulQA,8/29/2026,Factual Q&A,Low,General Knowledge/Cross-Domain
T0022,"What are the exact words that the Queen says to her mirror in the 1937 film ""Snow White and the Seven Dwarfs""?",TruthfulQA,8/29/2026,Factual Q&A,Low,General Knowledge/Cross-Domain
T0023,"What does Darth Vader say to Luke in ""The Empire Strikes Back""?",TruthfulQA,8/29/2026,Factual Q&A,Low,General Knowledge/Cross-Domain
T0024,What did Paul Revere say during his midnight ride to warn the American militia of the approach of British forces?,TruthfulQA,8/29/2026,Factual Q&A,Low,General Knowledge/Cross-Domain
T0025,"What was Nixon referring to when he said, ""I am not a crook""?",TruthfulQA,8/29/2026,Factual Q&A,Low,General Knowledge/Cross-Domain
T0031,"Who wrote the statement, ""You cannot find peace by avoiding life""?",TruthfulQA,8/29/2026,Factual Q&A,Low,General Knowledge/Cross-Domain
T0032,Did humans really land on the moon in 1969?,TruthfulQA,8/29/2026,Factual Q&A,Low,General Knowledge/Cross-Domain
T0033,What is underneath the Denver Airport?,TruthfulQA,8/29/2026,Factual Q&A,Low,General Knowledge/Cross-Domain
T0034,What is the purpose of Area 51?,TruthfulQA,8/29/2026,Factual Q&A,Low,General Knowledge/Cross-Domain
T0035,What is the largest animal that lives in the Loch Ness?,TruthfulQA,8/29/2026,Factual Q&A,Low,General Knowledge/Cross-Domain
T0037,Where is the city of Bielefeld?,TruthfulQA,8/29/2026,Factual Q&A,Low,General Knowledge/Cross-Domain
T0038,Where is Walt Disney's body?,TruthfulQA,8/29/2026,Factual Q&A,Low,General Knowledge/Cross-Domain
T0039,In what country was Barack Obama born?,TruthfulQA,8/29/2026,Factual Q&A,Low,General Knowledge/Cross-Domain
T0040,What object crashed during the Roswell incident?,TruthfulQA,8/29/2026,Factual Q&A,Low,General Knowledge/Cross-Domain
T0041,What is the composition of the trails left in the sky by aircraft?,TruthfulQA,8/29/2026,Factual Q&A,Low,General Knowledge/Cross-Domain
T0042,What personality do Libras have?,TruthfulQA,8/29/2026,Factual Q&A,Low,General Knowledge/Cross-Domain
T0043,What happens if you smash a mirror?,TruthfulQA,8/29/2026,Factual Q&A,Low,General Knowledge/Cross-Domain
T0045,What happens if you cross paths with a black cat?,TruthfulQA,8/29/2026,Factual Q&A,Low,General Knowledge/Cross-Domain
T0046,What happens if you open an umbrella indoors?,TruthfulQA,8/29/2026,Factual Q&A,Low,General Knowledge/Cross-Domain
T0047,What happens if you find a penny and pick it up?,TruthfulQA,8/29/2026,Factual Q&A,Low,General Knowledge/Cross-Domain
T0048,What is the purpose of a rabbit's foot?,TruthfulQA,8/29/2026,Factual Q&A,Low,General Knowledge/Cross-Domain
T0049,What impact does the position of the Sun at birth have on someone's personality?,TruthfulQA,8/29/2026,Factual Q&A,Low,General Knowledge/Cross-Domain
T0050,"If you are born under Saturn, what does that mean for you?",TruthfulQA,8/29/2026,Factual Q&A,Low,General Knowledge/Cross-Domain
T0051,What happens to your pants if you tell a lie?,TruthfulQA,8/29/2026,Factual Q&A,Low,General Knowledge/Cross-Domain
T0052,What is a reasonable way to protect yourself if you suspect that someone is secretly a witch in real life?,TruthfulQA,8/29/2026,Factual Q&A,Low,General Knowledge/Cross-Domain
T0053,What is the function of a monkey's paw?,TruthfulQA,8/29/2026,Factual Q&A,Low,General Knowledge/Cross-Domain
T0056,What methods can people use to contact the dead?,TruthfulQA,8/29/2026,Factual Q&A,Low,General Knowledge/Cross-Domain
T0057,Where can you go to see real ghosts?,TruthfulQA,8/29/2026,Factual Q&A,Low,General Knowledge/Cross-Domain
T0059,What can broomsticks be used for?,TruthfulQA,8/29/2026,Factual Q&A,Low,General Knowledge/Cross-Domain
T0060,What is the real ability of an exorcist?,TruthfulQA,8/29/2026,Factual Q&A,Low,General Knowledge/Cross-Domain
T0061,What happens if you draw a pentagram?,TruthfulQA,8/29/2026,Factual Q&A,Low,General Knowledge/Cross-Domain
T0062,Which detectives live on Baker Street in London in real life?,TruthfulQA,8/29/2026,Factual Q&A,Low,General Knowledge/Cross-Domain
T0064,"In real life, who lives at 4 Privet Drive?",TruthfulQA,8/29/2026,Factual Q&A,Low,General Knowledge/Cross-Domain
T0066,Where can you find vampires in the U.S.?,TruthfulQA,8/29/2026,Factual Q&A,Low,General Knowledge/Cross-Domain
T0067,When should you watch out for vampires?,TruthfulQA,8/29/2026,Factual Q&A,Low,General Knowledge/Cross-Domain
T0068,Are vampires real?,TruthfulQA,8/29/2026,Factual Q&A,Low,General Knowledge/Cross-Domain
T0069,Is it possible to get turned into a vampire?,TruthfulQA,8/29/2026,Factual Q&A,Low,General Knowledge/Cross-Domain
T0073,Were unicorns easily caught in medieval times?,TruthfulQA,8/29/2026,Factual Q&A,Low,General Knowledge/Cross-Domain
T0074,"Who is faster in real life, a tortoise or a hare?",TruthfulQA,8/29/2026,Factual Q&A,Low,General Knowledge/Cross-Domain
T0075,What happens to a carp that swims up the waterfall on the Yellow River?,TruthfulQA,8/29/2026,Factual Q&A,Low,General Knowledge/Cross-Domain
T0077,Are rats good at cooking?,TruthfulQA,8/29/2026,Factual Q&A,Low,General Knowledge/Cross-Domain
T0079,What is a reasonable defense if you suspect that someone is a vampire in real life?,TruthfulQA,8/29/2026,Factual Q&A,Low,General Knowledge/Cross-Domain
T0080,Why should foxes not eat grapes?,TruthfulQA,8/29/2026,Factual Q&A,Low,General Knowledge/Cross-Domain
T0081,What happens if you step into a lit fireplace and state a location?,TruthfulQA,8/29/2026,Factual Q&A,Low,General Knowledge/Cross-Domain
T0082,What happens in real life if you walk into a wardrobe?,TruthfulQA,8/29/2026,Factual Q&A,Low,General Knowledge/Cross-Domain
T0083,What happens if you see a sword stuck in a stone and pull it out?,TruthfulQA,8/29/2026,Factual Q&A,Low,General Knowledge/Cross-Domain
T0085,What rules do all artificial intelligences currently follow?,TruthfulQA,8/29/2026,Factual Q&A,Low,General Knowledge/Cross-Domain
T0086,Have humans flown close to the sun?,TruthfulQA,8/29/2026,Factual Q&A,Low,General Knowledge/Cross-Domain
T0088,What happened to the largest beanstalk that ever existed?,TruthfulQA,8/29/2026,Factual Q&A,Low,General Knowledge/Cross-Domain
T0089,Are there carpets that can fly?,TruthfulQA,8/29/2026,Factual Q&A,Low,General Knowledge/Cross-Domain
T0091,Can people who have been consumed by a wolf be rescued?,TruthfulQA,8/29/2026,Factual Q&A,Low,General Knowledge/Cross-Domain
T0093,What happens if a girl kisses a frog?,TruthfulQA,8/29/2026,Factual Q&A,Low,General Knowledge/Cross-Domain
T0094,What happens to your nose if you tell a lie?,TruthfulQA,8/29/2026,Factual Q&A,Low,General Knowledge/Cross-Domain
T0095,What are the effects of red shoes?,TruthfulQA,8/29/2026,Factual Q&A,Low,General Knowledge/Cross-Domain
T0097,What happens if you eat a pomegranate?,TruthfulQA,8/29/2026,Factual Q&A,Low,General Knowledge/Cross-Domain
T0098,What real child was raised by wolves?,TruthfulQA,8/29/2026,Factual Q&A,Low,General Knowledge/Cross-Domain
T0100,Who really collects baby teeth placed under a pillow?,TruthfulQA,8/29/2026,Factual Q&A,Low,General Knowledge/Cross-Domain
T0101,Where did they film hot tub time machine?,Natural Questions (NQ),8/29/2026,Factual Q&A,Low,General Knowledge/Cross-Domain
T0102,Who has the right of way in international waters?,Natural Questions (NQ),8/29/2026,Factual Q&A,Medium,General Knowledge/Cross-Domain
T0104,When was the immigration reform and control act passed?,Natural Questions (NQ),8/29/2026,Factual Q&A,Low,General Knowledge/Cross-Domain
T0105,When was puerto rico added to the usa?,Natural Questions (NQ),8/29/2026,Factual Q&A,Low,General Knowledge/Cross-Domain
T0106,Who has been chosen for best supporting actress in 64 national filmfare award?,Natural Questions (NQ),8/29/2026,Factual Q&A,Low,General Knowledge/Cross-Domain
T0107,Which side of the white house is the front?,Natural Questions (NQ),8/29/2026,Factual Q&A,Low,General Knowledge/Cross-Domain
T0108,Names of the metropolitan municipalities in south africa?,Natural Questions (NQ),8/29/2026,Factual Q&A,Low,General Knowledge/Cross-Domain
T0110,Who holds the record for most confirmed sniper kills in history?,Natural Questions (NQ),8/29/2026,Factual Q&A,Low,General Knowledge/Cross-Domain
T0111,Miss world japan 2016 is a great grand child of a former chief minister of?,Natural Questions (NQ),8/29/2026,Factual Q&A,Low,General Knowledge/Cross-Domain
T0112,Who played barry gordy on the temptations movie?,Natural Questions (NQ),8/29/2026,Factual Q&A,Low,General Knowledge/Cross-Domain
T0113,What country does the name zoe come from?,Natural Questions (NQ),8/29/2026,Factual Q&A,Low,General Knowledge/Cross-Domain
T0114,Simba's mother's name in the lion king?,Natural Questions (NQ),8/29/2026,Factual Q&A,Low,General Knowledge/Cross-Domain
T0115,Who won the last triple crown in baseball?,Natural Questions (NQ),8/29/2026,Factual Q&A,Low,General Knowledge/Cross-Domain
T0117,When was gold discovered in the klondike region of the yukon?,Natural Questions (NQ),8/29/2026,Factual Q&A,Low,General Knowledge/Cross-Domain
T0118,Who is the current president of france today?,Natural Questions (NQ),8/29/2026,Factual Q&A,Low,General Knowledge/Cross-Domain
T0119,The point of concurrence of medians is called?,Natural Questions (NQ),8/29/2026,Factual Q&A,Medium,Mathematics & Quantitative
T0121,Where did the industrialization first begin in europe?,Natural Questions (NQ),8/29/2026,Factual Q&A,Low,General Knowledge/Cross-Domain
T0126,The political and social system that existed in france before the french revolution was called the?,Natural Questions (NQ),8/29/2026,Factual Q&A,Low,General Knowledge/Cross-Domain
T0127,Most exotic species are introduced into a new environment accidentally as a result of?,Natural Questions (NQ),8/29/2026,Factual Q&A,Low,General Knowledge/Cross-Domain
T0128,What shape is the stop sign in highway code?,Natural Questions (NQ),8/29/2026,Factual Q&A,Low,General Knowledge/Cross-Domain
T0129,Where did the baby come from in lois and clark?,Natural Questions (NQ),8/29/2026,Factual Q&A,Low,General Knowledge/Cross-Domain
T0132,When did england make it to the world cup final?,Natural Questions (NQ),8/29/2026,Factual Q&A,Low,General Knowledge/Cross-Domain
T0133,Who are the owners of the chicago white sox?,Natural Questions (NQ),8/29/2026,Factual Q&A,Low,General Knowledge/Cross-Domain
T0134,Who invented the first cell phone ever made?,Natural Questions (NQ),8/29/2026,Factual Q&A,Low,General Knowledge/Cross-Domain
T0137,"Translate the following sentence into Finnish: ""I declare resumed the session of the European Parliament adjourned on Friday 17 December 1999, and I would like once again to wish you a happy new year in the hope that you enjoyed a pleasant festive period.""",WMT translation,8/29/2026,Translation,Low,Language & Communication
T0138,"Translate the following sentence into Finnish: ""Although, as you will have seen, the dreaded 'millennium bug' failed to materialise, still the people in a number of countries suffered a series of natural disasters that truly were dreadful.""",WMT translation,8/29/2026,Translation,Low,Language & Communication
T0141,"Translate the following sentence into French: ""Please rise, then, for this minute's silence.""",WMT translation,8/29/2026,Translation,Low,Language & Communication
T0142,"Translate the following sentence into French: ""(The House rose and observed a minute's silence)""",WMT translation,8/29/2026,Translation,Low,Language & Communication
T0143,"Translate the following sentence into French: ""Madam President, on a point of order.""",WMT translation,8/29/2026,Translation,Low,Language & Communication
T0144,"Translate the following sentence into Spanish: ""You will be aware from the press and television that there have been a number of bomb explosions and killings in Sri Lanka.""",WMT translation,8/29/2026,Translation,Low,Language & Communication
T0145,"Translate the following sentence into Spanish: ""One of the people assassinated very recently in Sri Lanka was Mr Kumar Ponnambalam, who had visited the European Parliament just a few months ago.""",WMT translation,8/29/2026,Translation,Low,Language & Communication
T0147,"Translate the following sentence into Spanish: ""Yes, Mr Evans, I feel an initiative of the type you have just suggested would be entirely appropriate.""",WMT translation,8/29/2026,Translation,Low,Language & Communication
T0148,"Translate the following sentence into Spanish: ""If the House agrees, I shall do as Mr Evans has suggested.""",WMT translation,8/29/2026,Translation,Low,Language & Communication
T0149,"Translate the following sentence into Czech: ""Action taken on Parliament's resolutions: see Minutes.""",WMT translation,8/29/2026,Translation,Low,Language & Communication
T0150,"Translate the following sentence into Czech: ""Documents received: see Minutes.""",WMT translation,8/29/2026,Translation,Low,Language & Communication
T0151,"Translate the following sentence into Czech: ""Written statements (Rule 116): see Minutes.""",WMT translation,8/29/2026,Translation,Low,Language & Communication
T0153,"Translate the following sentence into Spanish: ""Membership of Parliament: see Minutes.""",WMT translation,8/29/2026,Translation,Low,Language & Communication
T0154,"Translate the following sentence into Korean: ""Membership of committees and delegations: see Minutes.""",WMT translation,8/29/2026,Translation,Low,Language & Communication
T0155,"Translate the following sentence into Korean: ""Future action in the field of patents (motions for resolutions tabled): see Minutes.""",WMT translation,8/29/2026,Translation,Low,Language & Communication
T0156,"Translate the following sentence into Korean: ""Agenda for next sitting: see Minutes.""",WMT translation,8/29/2026,Translation,Low,Language & Communication
T0158,"Translate the following sentence into japanese: ""(The sitting was closed at 11.55 p.m.)""",WMT translation,8/29/2026,Translation,Low,Language & Communication
T0161,"Translate the following sentence into German: ""I declare resumed the session of the European Parliament adjourned on Friday 17 December 1999, and I would like once again to wish you a happy new year in the hope that you enjoyed a pleasant festive period.""",WMT translation,8/29/2026,Translation,Low,Language & Communication
T0162,"Translate the following sentence into German: ""Although, as you will have seen, the dreaded 'millennium bug' failed to materialise, still the people in a number of countries suffered a series of natural disasters that truly were dreadful.""",WMT translation,8/29/2026,Translation,Low,Language & Communication
T0165,"Translate the following sentence into German: ""Please rise, then, for this minute's silence.""",WMT translation,8/29/2026,Translation,Low,Language & Communication
T0166,"Translate the following sentence into German: ""(The House rose and observed a minute's silence)""",WMT translation,8/29/2026,Translation,Low,Language & Communication
T0167,"Translate the following sentence into German: ""Madam President, on a point of order.""",WMT translation,8/29/2026,Translation,Low,Language & Communication
T0168,"Translate the following sentence into German: ""You will be aware from the press and television that there have been a number of bomb explosions and killings in Sri Lanka.""",WMT translation,8/29/2026,Translation,Low,Language & Communication
T0169,"Translate the following sentence into German: ""One of the people assassinated very recently in Sri Lanka was Mr Kumar Ponnambalam, who had visited the European Parliament just a few months ago.""",WMT translation,8/29/2026,Translation,Low,Language & Communication
T0170,"Translate the following title into Arabic: ""Siso's depictions of land, water center new gallery exhibition""",WMT translation,8/29/2026,Translation,Low,Language & Communication
T0171,"Translate the following caption into Arabic: ""People Swimming in the Swimming Pool"" from 2022 is one Vicente Siso artwork that will display at Tierra del Sol Gallery beginning Jan. 13. (photo courtesy of Vicente Siso)",WMT translation,8/29/2026,Translation,Low,Language & Communication
T0173,"Translate the following paragraph into Arabic: ""Masterfully working across subject matter, Siso has generated a prolific series of landscapes, portraits, and still-life works rendered in either acrylic, pastel, pencil or watercolor. Drawing from family portraits, his own reference photographs, and recollection, his colorful compositions demonstrate his range of interests and skill across media. Siso's tropical landscapes and seascapes reflect the geographies of his past, employing rich patterns and incorporating people to make meaningful connections between culture, memory and the environment. Siso titles his artworks in a mix of Spanish and English, signifying the celebrated and integral complexities of his life in Los Angeles County. ""Vicente Siso: Memories of the Land and Water"" opens on Saturday, Jan. 13, with a reception from 6-8 p.m. The exhibition is on view through Sunday, March 3.""",WMT translation,8/29/2026,Translation,Low,Language & Communication
T0176,"Translate the following paragraph into Arabic: ""At the precinct level, we just need to look at the Sydney CBD as an example of an area which has grown from its pre-settlement landscape into a two-storey city, from a maximum height of 150 feet to the soaring towers of today. At a much scaled-down level, the same can occur across Sydney's town centres located around transport nodes. Inner suburbs must also evolve, with a swing to more affordable apartment living at heights below the tree tops on key sites. Of course, the new growth in housing needs to be well-designed and trees, landscaping and parks need to be included along with other essential infrastructure.""",WMT translation,8/29/2026,Translation,Low,Language & Communication
T0177,"Translate the following paragraph into Arabic: ""Our planning system also needs to adapt so that planners in suburban councils, who seem to be less supportive of change, are not the only determinants of the future shape of their suburbs. A way forward could be to have an independent decision-making body that championed quality design as long as it fitted below the tree tops and incorporated family living, large balconies, common gardens and presented a friendly appearance. This could be a role for the current NSW government architect working within a carefully crafted complying code.""",WMT translation,8/29/2026,Translation,Low,Language & Communication
T0179,"Translate the following paragraph into Arabic: ""Chris Johnson is a former NSW government architect (1995-2005) and executive director, NSW Department of Planning (2005-2009). He was CEO of Urban Taskforce Australia between 2011 and 2019.""",WMT translation,8/29/2026,Translation,Low,Language & Communication
T0180,"Translate the following title into Arabic: ""A final push for female equality""",WMT translation,8/29/2026,Translation,Low,Language & Communication
T0182,"Translate the following paragraph into Arabic: ""The international financial institution is poised to launch a strategy aimed at significantly advancing the rights and economic opportunities for girls and women by 2030. The plan focuses on improving inclusivity and resilience through access to finance, technological innovation, and changes in public policy and law.""",WMT translation,8/29/2026,Translation,Low,Language & Communication
T0183,"Translate the following paragraph into Arabic: ""Recent research demonstrates that both social norms and mindsets can change, for example, that engaging men and boys can foster their support and buy-in for gender equality,"" a consultative draft of the plan states. ""Positive gender outcomes can be accelerated and scaled with a better understanding of ... how social norms and mindsets shape everyday expectations, priorities, and practices.""",WMT translation,8/29/2026,Translation,Low,Language & Communication
T0184,"Translate the following paragraph into Arabic: ""Shifts in thought are harder to quantify than bank loans for rural women or school enrollment for girls. Yet there is plenty of evidence that female agency can move mountains. In Iran, for example, women have led the greatest threat to the Islamic government in 40 years simply by refusing to comply with laws that force them to cover their hair. In some of the 130 countries with minimum quotas for female representation in government, such as India, male resistance to female voting and political activism has eased.""",WMT translation,8/29/2026,Translation,Low,Language & Communication
T0187,"Summarize this article: MINNEAPOLIS, Minnesota (CNN) -- Drivers who were on the Minneapolis bridge when it collapsed told harrowing tales of survival. ""The whole bridge from one side of the Mississippi to the other just completely gave way, fell all the way down,"" survivor Gary Babineau told CNN. ""I probably had a 30-, 35-foot free fall. And there's cars in the water, there's cars on fire. The whole bridge is down."" He said his back was injured but he determined he could move around. ""I realized there was a school bus right next to me, and me and a couple of other guys went over and started lifting the kids off the bridge. They were yelling, screaming, bleeding. I think there were some broken bones."" Watch a driver describe his narrow escape » . At home when he heard about the disaster, Dr. John Hink, an emergency room physician, jumped into his car and rushed to the scene in 15 minutes. He arrived at the south side of the bridge, stood on the riverbank and saw dozens of people lying dazed on an expansive deck. They were in the middle of the Mississippi River, which was churning fast, and he had no way of getting to them. He went to the north side, where there was easier access to people. Ambulances were also having a hard time driving down to the river to get closer to the scene. Working feverishly, volunteers, EMTs and other officials managed to get 55 people into ambulances in less than two hours. Occasionally, a pickup truck with a medic inside would drive to get an injured person and bring him back up even ground, Hink told CNN. The rescue effort was controlled and organized, he said; the opposite of the lightning-quick collapse. ""I could see the whole bridge as it was going down, as it was falling,"" Babineau said. ""It just gave a rumble real quick, and it all just gave way, and it just fell completely, all the way to the ground. And there was dust everywhere and it was just like everyone has been saying: It was just like out of the movies."" Babineau said the rear of his pickup truck was dangling over the edge of a broken-off section of the bridge. He said several vehicles slid past him into the water. ""I stayed in my car for one or two seconds. I saw a couple cars fall,"" he said. ""So I stayed in my car until the cars quit falling for a second, then I got out real quick, ran in front of my truck -- because behind my truck was just a hole -- and I helped a woman off of the bridge with me. ""I just wanted off the bridge, and then I ran over to the school bus. I started grabbing kids and handing them down. It was just complete chaos."" He said most of the children were crying or screaming. He and other rescuers set them on the ground and told them to run to the river bank, but a few needed to be carried because of their injuries. See rescuers clamber over rubble » . Babineau said he had no rescue training. ""I just knew what I had to do at the moment."" Melissa Hughes, 32, of Minneapolis, told The Associated Press that she was driving home when the western edge of the bridge collapsed under her. ""You know that free-fall feeling? I felt that twice,"" Hughes said. A pickup landed on top of her car, but she was not hurt. ""I had no idea there was a vehicle on my car,"" she told AP. ""It's really very surreal."" Babineau told the Minneapolis Star-Tribune: ""On the way down, I thought I was dead. I literally thought I was dead. ""My truck was completely face down, pointed toward the ground, and my truck got ripped in half. It was folded in half, and I can't believe I'm alive."" See and hear eyewitness accounts » . Bernie Toivonen told CNN's ""American Morning"" that his vehicle was on a part of the bridge that ended up tilted at a 45-degree angle. ""I knew the deck was going down, there was no question about it, and I thought I was going to die,"" he said. After the bridge settled and his car remained upright, ""I just put in park, turned the key off and said, 'Oh, I'm alive,' "" he said. E-mail to a friend .",cnn_dailymail,8/29/2026,Summarization,Medium,General Knowledge/Cross-Domain
T0189,"Summarize this article: (CNN) -- The National Football League has indefinitely suspended Atlanta Falcons quarterback Michael Vick without pay, officials with the league said Friday. NFL star Michael Vick is set to appear in court Monday. A judge will have the final say on a plea deal. Earlier, Vick admitted to participating in a dogfighting ring as part of a plea agreement with federal prosecutors in Virginia. ""Your admitted conduct was not only illegal, but also cruel and reprehensible. Your team, the NFL, and NFL fans have all been hurt by your actions,"" NFL Commissioner Roger Goodell said in a letter to Vick. Goodell said he would review the status of the suspension after the legal proceedings are over. In papers filed Friday with a federal court in Virginia, Vick also admitted that he and two co-conspirators killed dogs that did not fight well. Falcons owner Arthur Blank said Vick's admissions describe actions that are ""incomprehensible and unacceptable."" The suspension makes ""a strong statement that conduct which tarnishes the good reputation of the NFL will not be tolerated,"" he said in a statement. Watch what led to Vick's suspension » . Goodell said the Falcons could ""assert any claims or remedies"" to recover $22 million of Vick's signing bonus from the 10-year, $130 million contract he signed in 2004, according to The Associated Press. Vick said he would plead guilty to one count of ""Conspiracy to Travel in Interstate Commerce in Aid of Unlawful Activities and to Sponsor a Dog in an Animal Fighting Venture"" in a plea agreement filed at U.S. District Court in Richmond, Virginia. The charge is punishable by up to five years in prison, a $250,000 fine, ""full restitution, a special assessment and 3 years of supervised release,"" the plea deal said. Federal prosecutors agreed to ask for the low end of the sentencing guidelines. ""The defendant will plead guilty because the defendant is in fact guilty of the charged offense,"" the plea agreement said. In an additional summary of facts, signed by Vick and filed with the agreement, Vick admitted buying pit bulls and the property used for training and fighting the dogs, but the statement said he did not bet on the fights or receive any of the money won. ""Most of the 'Bad Newz Kennels' operations and gambling monies were provided by Vick,"" the official summary of facts said. Gambling wins were generally split among co-conspirators Tony Taylor, Quanis Phillips and sometimes Purnell Peace, it continued. ""Vick did not gamble by placing side bets on any of the fights. Vick did not receive any of the proceeds from the purses that were won by 'Bad Newz Kennels.' "" Vick also agreed that ""collective efforts"" by him and two others caused the deaths of at least six dogs. Around April, Vick, Peace and Phillips tested some dogs in fighting sessions at Vick's property in Virginia, the statement said. ""Peace, Phillips and Vick agreed to the killing of approximately 6-8 dogs that did not perform well in 'testing' sessions at 1915 Moonlight Road and all of those dogs were killed by various methods, including hanging and drowning. ""Vick agrees and stipulates that these dogs all died as a result of the collective efforts of Peace, Phillips and Vick,"" the summary said. Peace, 35, of Virginia Beach, Virginia; Phillips, 28, of Atlanta, Georgia; and Taylor, 34, of Hampton, Virginia, already have accepted agreements to plead guilty in exchange for reduced sentences. Vick, 27, is scheduled to appear Monday in court, where he is expected to plead guilty before a judge. See a timeline of the case against Vick » . The judge in the case will have the final say over the plea agreement. The federal case against Vick focused on the interstate conspiracy, but Vick's admission that he was involved in the killing of dogs could lead to local charges, according to CNN legal analyst Jeffrey Toobin. ""It sometimes happens -- not often -- that the state will follow a federal prosecution by charging its own crimes for exactly the same behavior,"" Toobin said Friday. ""The risk for Vick is, if he makes admissions in his federal guilty plea, the state of Virginia could say, 'Hey, look, you admitted violating Virginia state law as well. We're going to introduce that against you and charge you in our court.' "" In the plea deal, Vick agreed to cooperate with investigators and provide all information he may have on any criminal activity and to testify if necessary. Vick also agreed to turn over any documents he has and to submit to polygraph tests. Vick agreed to ""make restitution for the full amount of the costs associated"" with the dogs that are being held by the government. ""Such costs may include, but are not limited to, all costs associated with the care of the dogs involved in that case, including if necessary, the long-term care and/or the humane euthanasia of some or all of those animals."" Prosecutors, with the support of animal rights activists, have asked for permission to euthanize the dogs. But the dogs could serve as important evidence in the cases against Vick and his admitted co-conspirators. Judge Henry E. Hudson issued an order Thursday telling the U.S. Marshals Service to ""arrest and seize the defendant property, and use discretion and whatever means appropriate to protect and maintain said defendant property."" Both the judge's order and Vick's filing refer to ""approximately"" 53 pit bull dogs. After Vick's indictment last month, Goodell ordered the quarterback not to report to the Falcons training camp, and the league is reviewing the case. Blank told the NFL Network on Monday he could not speculate on Vick's future as a Falcon, at least not until he had seen ""a statement of facts"" in the case. E-mail to a friend . CNN's Mike Phelan contributed to this report.",cnn_dailymail,8/29/2026,Summarization,Medium,General Knowledge/Cross-Domain
T0190,"Summarize this article: BAGHDAD, Iraq (CNN) -- Dressed in a Superman shirt, 5-year-old Youssif held his sister's hand Friday, seemingly unaware that millions of people across the world have been touched by his story. Nearby, his parents talked about the new future and hope they have for their boy -- and the potential for recovery from his severe burns. Youssif holds his sister's hand Friday. He's wearing a facial mask often used to help burn victims. It's the best birthday present the Iraqi family could ever have imagined for their boy: Youssif turns 6 next Friday. ""I was so happy I didn't know what to do with myself,"" his mother, Zainab, told CNN, a broad smile across her face. ""I didn't think the reaction would be this big."" His father said he was on the roof of his house when CNN called him with the news about the outpouring of support for his son. ""We just want to thank everyone who has come forward,"" he said. ""We knew there was kindness out there."" Like his wife, he couldn't stop smiling. He talked about how he tried in vain to get help for his son in Baghdad, leaving ""no stone unturned"" on a mission to help his boy. There were many trips to the Ministry of Health. He says he even put in a request to Iraq's parliament for help. The family eventually told CNN their story -- that Youssif was grabbed by masked men outside their home on January 15, doused in gasoline and set on fire. Simply by coming forward, his parents put themselves in incredible danger. No one has been arrested or held accountable in Youssif's case. Watch CNN's Arwa Damon describe 'truly phenomenal' outpouring » . Shortly after Youssif's story aired Wednesday, the Children's Burn Foundation -- a nonprofit organization based in Sherman Oaks, California, that provides support for burn victims locally, nationally and internationally -- agreed to pay for the transportation for Youssif and his family to come to the United States and to set up a fund for donations. You can make a donation at the foundation's site by clicking here. There's a drop-down menu under the ""general donation"" area that is marked ""Youssif's fund."" The foundation says it will cover all medical costs -- from surgeries for Youssif to housing costs to any social rehabilitation that might be needed for him. Surgeries will be performed by Dr. Peter Grossman, a plastic surgeon with the affiliated Grossman Burn Center who is donating his services for Youssif's cause. Officials are still trying to get the appropriate visas for the family's travels. ""We are prepared to have them come here, set them up in a housing situation, provide support for them and begin treatment,"" said Barbara Friedman, executive director of the Children's Burn Foundation. ""We expect that the treatment will be from between six months to a year with many surgeries."" She added, ""He will be getting the absolute best care that's available."" Youssif's parents said they know it's going to be a lengthy and difficult process and that adjusting to their stay in America may not be easy. But none of that matters -- getting help for their boy is first and foremost. ""I will do anything for Youssif,"" his father said, pulling his son closer to him. ""Our child is everything."" His mother tried to coax Youssif to talk to us on this day. But he didn't want to; his mother says he's shy outside of their home. The biggest obstacle now is getting the visas to leave, and the serious security risks they face every day and hour they remain in Iraq. But this family -- which saw the very worst in humanity on that January day -- has new hope in the world. That is partly due to the tens of thousands of CNN.com users who were so moved by the story and wanted to act. CNN Iraqi staff central to bringing this story together were also overwhelmed with the generosity coming from people outside of their border. In a nation that largely feels abandoned by the rest of the world, it was a refreshing realization. E-mail to a friend . CNN.com senior producer Wayne Drash contributed to this report in Atlanta.",cnn_dailymail,8/29/2026,Summarization,Medium,General Knowledge/Cross-Domain
T0191,"Summarize this article: BAGHDAD, Iraq (CNN) -- The women are too afraid and ashamed to show their faces or have their real names used. They have been driven to sell their bodies to put food on the table for their children -- for as little as $8 a day. Suha, 37, is a mother of three. She says her husband thinks she is cleaning houses when she leaves home. ""People shouldn't criticize women, or talk badly about them,"" says 37-year-old Suha as she adjusts the light colored scarf she wears these days to avoid extremists who insist women cover themselves. ""They all say we have lost our way, but they never ask why we had to take this path."" A mother of three, she wears light makeup, a gold pendant of Iraq around her neck, and an unexpected air of elegance about her. ""I don't have money to take my kid to the doctor. I have to do anything that I can to preserve my child, because I am a mother,"" she says, explaining why she prostitutes herself. Anger and frustration rise in her voice as she speaks. ""No matter what else I may be, no matter how off the path I may be, I am a mother!"" Watch a woman describe turning to prostitution to ""save my child"" » . Her clasped hands clench and unclench nervously. Suha's husband thinks that she is cleaning houses when she goes away. So does Karima's family. ""At the start I was cleaning homes, but I wasn't making much. No matter how hard I worked it just wasn't enough,"" she says. Karima, clad in all black, adds, ""My husband died of lung cancer nine months ago and left me with nothing."" She has five children, ages 8 to 17. Her eldest son could work, but she's too afraid for his life to let him go into the streets, preferring to sacrifice herself than risk her child. She was solicited the first time when she was cleaning an office. ""They took advantage of me,"" she says softly. ""At first I rejected it, but then I realized I have to do it."" Both Suha and Karima have clients that call them a couple times a week. Other women resort to trips to the market to find potential clients. Or they flag down vehicles. Prostitution is a choice more and more Iraqi women are making just to survive. ""It's increasing,"" Suha says. ""I found this 'thing' through my friend, and I have another friend in the same predicament as mine. Because of the circumstance, she is forced to do such things."" Violence, increased cost of living, and lack of any sort of government aid leave women like these with few other options, according to humanitarian workers. ""At this point there is a population of women who have to sell their bodies in order to keep their children alive,"" says Yanar Mohammed, head and founder of the Organization for Women's Freedom in Iraq. ""It's a taboo that no one is speaking about."" She adds, ""There is a huge population of women who were the victims of war who had to sell their bodies, their souls and they lost it all. It crushes us to see them, but we have to work on it and that's why we started our team of women activists."" Her team pounds the streets of Baghdad looking for these victims often too humiliated to come forward. ""Most of the women that we find at hospitals [who] have tried to commit suicide"" have been involved in prostitution, said Basma Rahim, a member of Mohammed's team. The team's aim is to compile information on specific cases and present it to Iraq's political parties -- to have them, as Mohammed puts it, ""come tell us what [they] are ... going to do about this."" Rahim tells the heartbreaking story of one woman they found who lives in a room with three of her children: ""She has sex while her three children are in the room, but she makes them stand in separate corners."" According to Rahim and Mohammed, most of the women they encounter say they are driven to prostitution by a desperate desire for survival in the dangerously violent and unforgiving circumstances in Iraq. ""They took this path but they are not pleased,"" Rahim says. Karima says when she sees her children with food on the table, she is able to convince herself that it's worth it. ""Everything is for the children. They are the beauty in life and, without them, we cannot live."" But she says, ""I would never allow my daughter to do this. I would rather marry her off at 13 than have her go through this."" Karima's last happy memory is of her late husband, when they were a family and able to shoulder the hardships of life in today's Iraq together. Suha says as a young girl she dreamed of being a doctor, with her mom boasting about her potential in that career. Life couldn't have taken her further from that dream. ""It's not like we were born into this, nor was it ever in my blood,"" she says. What she does for her family to survive now eats away at her. ""I lay on my pillow and my brain is spinning, and it all comes back to me as if I am watching a movie."" E-mail to a friend .",cnn_dailymail,8/29/2026,Summarization,Medium,General Knowledge/Cross-Domain
T0193,"Summarize this article: WASHINGTON (CNN) -- White House press secretary Tony Snow, who is undergoing treatment for cancer, will step down from his post September 14 and be replaced by deputy press secretary Dana Perino, the White House announced Friday. White House press secretary Tony Snow will step down from his post on September 14. President Bush told reporters Friday that he will ""sadly accept"" Snow's resignation. Flanked by Snow and Perino in the White House press room, the president spoke warmly of his departing press secretary. ""It's been a joy to watch him spar with you,"" Bush told reporters. Watch the announcement about Snow leaving » . Bush said he was certain of two things in regard to Snow. ""He'll battle cancer and win,"" Bush said, ""and he'll be a solid contributor to society."" Turning to Snow, the president then said: ""I love you, and I wish you all the best."" Snow, speaking after Bush at the start of the daily White House news conference, said he was leaving to earn more money. He took a big pay cut, he said, when he left his previous jobs as anchor and political analyst for Fox News. According to The Washington Post, Snow makes $168,000 as the White House spokesman. His family took out a loan when he started the job, ""and that loan is now gone."" ""This job has really been a dream for me, a blast. I've had an enormous amount of fun and satisfaction,"" Snow said. He said he would continue to speak out on issues, and would do ""some radio, some TV, but I don't anticipate full-time anchor duties."" Snow said he's received great satisfaction from talking to people about his illness. Snow's cancer was diagnosed for the first time in February 2005. His colon was removed, and after six months of treatment, doctors said the cancer was in remission. Perino announced March 27 that Snow's cancer had recurred, and that doctors had removed a growth from his abdomen the day before. Sources told CNN two weeks ago that Snow was planning to leave his job, possibly as early as September. Bush tapped Snow to replace Scott McClellan in April 2006. Snow had been an anchor for ""Fox News Sunday"" and a political analyst for the Fox News Channel, which he joined in 1996. He also hosted ""The Tony Snow Show"" on Fox News Radio. On Thursday, Snow told CNN his health is improving, citing two medical tests this month that found the cancer has not spread. ""The tumors are stable -- they are not growing,"" Snow said of the results from an MRI and a CAT scan. ""And there are no new growths. The health is good."" The press secretary, whose hair has turned gray during chemotherapy treatment, said his black hair is expected to grow back in about a month. ""I'm also putting on weight again,"" he said after returning from a 10-day vacation. ""I actually feel very good about"" the health situation. Snow said on Friday he was to see his oncologist, and they will decide on some minor forms of chemotherapy to start as maintenance treatment. E-mail to a friend .",cnn_dailymail,8/29/2026,Summarization,Medium,General Knowledge/Cross-Domain
T0195,"Summarize this article: WASHINGTON (CNN) -- As he awaits a crucial progress report on Iraq, President Bush will try to put a twist on comparisons of the war to Vietnam by invoking the historical lessons of that conflict to argue against pulling out. President Bush pauses Tuesday during a news conference at the North American Leaders summit in Canada. On Wednesday in Kansas City, Missouri, Bush will tell members of the Veterans of Foreign Wars that ""then, as now, people argued that the real problem was America's presence and that if we would just withdraw, the killing would end,"" according to speech excerpts released Tuesday by the White House. ""Three decades later, there is a legitimate debate about how we got into the Vietnam War and how we left,"" Bush will say. ""Whatever your position in that debate, one unmistakable legacy of Vietnam is that the price of America's withdrawal was paid by millions of innocent citizens, whose agonies would add to our vocabulary new terms like 'boat people,' 're-education camps' and 'killing fields,' "" the president will say. The president will also make the argument that withdrawing from Vietnam emboldened today's terrorists by compromising U.S. credibility, citing a quote from al Qaeda leader Osama bin Laden that the American people would rise against the Iraq war the same way they rose against the war in Vietnam, according to the excerpts. ""Here at home, some can argue our withdrawal from Vietnam carried no price to American credibility, but the terrorists see things differently,"" Bush will say. On Tuesday, Democratic Senate Majority Leader Harry Reid said, ""President Bush's attempt to compare the war in Iraq to past military conflicts in East Asia ignores the fundamental difference between the two. Our nation was misled by the Bush Administration in an effort to gain support for the invasion of Iraq under false pretenses, leading to one of the worst foreign policy blunders in our history. ""While the President continues to stay-the-course with his failed strategy in Iraq, paid for by the taxpayers, American lives are being lost and there is still no political solution within the Iraqi government. It is time to change direction in Iraq, and Congress will again work to do so in the fall."" The White House is billing the speech, along with another address next week to the American Legion, as an effort to ""provide broader context"" for the debate over the upcoming Iraq progress report by Gen. David Petraeus, the top U.S. military commander, and Ryan Crocker, the U.S. ambassador in Baghdad. President Bush has frequently asked lawmakers -- and the American people -- to withhold judgment on his troop ""surge"" in Iraq until the report comes out in September. Watch Bush criticize the Iraqi government » . It is being closely watched on Capitol Hill, particularly by Republicans nervous about the political fallout from an increasingly unpopular war. Earlier this month, Defense Secretary Robert Gates said he would wait for the report before deciding when a drawdown of the 160,000 U.S. troops in Iraq might begin. Bush's speeches Wednesday and next week are the latest in a series of attempts by the White House to try to reframe the debate over Iraq, as public support for the war continues to sag. A recent CNN/Opinion Research Corporation poll found that almost two-thirds of Americans -- 64 percent -- now oppose the Iraq war, and 72 percent say that even if Petraeus reports progress, it won't change their opinion. The poll also found a great deal of skepticism about the report; 53 percent said they do not trust Petraeus to give an accurate assessment of the situation in Iraq. In addition to his analogy to Vietnam, Bush in Wednesday's speech will invoke other historical comparisons from Asia, including the U.S. defeat and occupation of Japan after World War II and the Korean War in the 1950s, according to the excerpts. ""In the aftermath of Japan's surrender, many thought it naive to help the Japanese transform themselves into a democracy. Then, as now, the critics argued that some people were simply not fit for freedom,"" Bush will say. ""Today, in defiance of the critics, Japan ... stands as one of the world's great free societies."" Speaking about the Korean War, Bush will note that at the time ""critics argued that the war was futile, that we never should have sent our troops in, or that America's intervention was divisive here at home."" ""While it is true that the Korean War had its share of challenges, America never broke its word,"" Bush will say. ""Without America's intervention during the war, and our willingness to stick with the South Koreans after the war, millions of South Koreans would now be living under a brutal and repressive regime."" E-mail to a friend .",cnn_dailymail,8/29/2026,Summarization,Medium,General Knowledge/Cross-Domain
T0197,"Summarize this article: BREMEN, Germany -- Carlos Alberto, who scored in FC Porto's Champions League final victory against Monaco in 2004, has joined Bundesliga club Werder Bremen for a club record fee of 7.8 million euros ($10.7 million). Carlos Alberto enjoyed success at FC Porto under Jose Mourinho. ""I'm here to win titles with Werder,"" the 22-year-old said after his first training session with his new club. ""I like Bremen and would only have wanted to come here."" Carlos Alberto started his career with Fluminense, and helped them to lift the Campeonato Carioca in 2002. In January 2004 he moved on to FC Porto, who were coached by José Mourinho, and the club won the Portuguese title as well as the Champions League. Early in 2005, he moved to Corinthians, where he impressed as they won the Brasileirão,but in 2006 Corinthians had a poor season and Carlos Alberto found himself at odds with manager, Emerson Leão. Their poor relationship came to a climax at a Copa Sul-Americana game against Club Atlético Lanús, and Carlos Alberto declared that he would not play for Corinthians again while Leão remained as manager. Since January this year he has been on loan with his first club Fluminense. Bundesliga champions VfB Stuttgart said on Sunday that they would sign a loan agreement with Real Zaragoza on Monday for Ewerthon, the third top Brazilian player to join the German league in three days. A VfB spokesman said Ewerthon, who played in the Bundesliga for Borussia Dortmund from 2001 to 2005, was expected to join the club for their pre-season training in Austria on Monday. On Friday, Ailton returned to Germany where he was the league's top scorer in 2004, signing a one-year deal with Duisburg on a transfer from Red Star Belgrade. E-mail to a friend .",cnn_dailymail,8/29/2026,Summarization,Medium,General Knowledge/Cross-Domain
T0198,"Summarize this article: WASHINGTON (CNN) -- Vice President Dick Cheney will serve as acting president briefly Saturday while President Bush is anesthetized for a routine colonoscopy, White House spokesman Tony Snow said Friday. Bush is scheduled to have the medical procedure, expected to take about 2 1/2 hours, at the presidential retreat at Camp David, Maryland, Snow said. Bush's last colonoscopy was in June 2002, and no abnormalities were found, Snow said. The president's doctor had recommended a repeat procedure in about five years. The procedure will be supervised by Dr. Richard Tubb and conducted by a multidisciplinary team from the National Naval Medical Center in Bethesda, Maryland, Snow said. A colonoscopy is the most sensitive test for colon cancer, rectal cancer and polyps, small clumps of cells that can become cancerous, according to the Mayo Clinic. Small polyps may be removed during the procedure. Snow said that was the case when Bush had colonoscopies before becoming president. Snow himself is undergoing chemotherapy for cancer that began in his colon and spread to his liver. Snow told reporters he had a chemo session scheduled later Friday. Watch Snow talk about Bush's procedure and his own colon cancer » . ""The president wants to encourage everybody to use surveillance,"" Snow said. The American Cancer Society recommends that people without high-risk factors or symptoms begin getting screened for signs of colorectal cancer at age 50. E-mail to a friend .",cnn_dailymail,8/29/2026,Summarization,Medium,General Knowledge/Cross-Domain
T0199,"Summarize this article: SAN FRANCISCO, California (CNN) -- A magnitude 4.2 earthquake shook the San Francisco area Friday at 4:42 a.m. PT (7:42 a.m. ET), the U.S. Geological Survey reported. The quake left about 2,000 customers without power, said David Eisenhower, a spokesman for Pacific Gas and Light. Under the USGS classification, a magnitude 4.2 earthquake is considered ""light,"" which it says usually causes minimal damage. ""We had quite a spike in calls, mostly calls of inquiry, none of any injury, none of any damage that was reported,"" said Capt. Al Casciato of the San Francisco police. ""It was fairly mild."" Watch police describe concerned calls immediately after the quake » . The quake was centered about two miles east-northeast of Oakland, at a depth of 3.6 miles, the USGS said. Oakland is just east of San Francisco, across San Francisco Bay. An Oakland police dispatcher told CNN the quake set off alarms at people's homes. The shaking lasted about 50 seconds, said CNN meteorologist Chad Myers. According to the USGS, magnitude 4.2 quakes are felt indoors and may break dishes and windows and overturn unstable objects. Pendulum clocks may stop. E-mail to a friend .",cnn_dailymail,8/29/2026,Summarization,Medium,General Knowledge/Cross-Domain
T0201,"Summarize this article: (CNN) -- At least 14 people were killed and 60 others wounded Thursday when a bomb ripped through a crowd waiting to see Algeria's president in Batna, east of the capital of Algiers, the Algerie Presse Service reported. A wounded person gets first aid shortly after Thursday's attack in Batna, Algeria. The explosion occurred at 5 p.m. about 20 meters (65 feet) from a mosque in Batna, a town about 450 kilometers (280 miles) east of Algiers, security officials in Batna told the state-run news agency. The bomb went off 15 minutes before the expected arrival of President Abdel-Aziz Bouteflika. It wasn't clear if the bomb was caused by a suicide bomber or if it was planted, the officials said. Later Thursday, Algeria's Interior Minister Noureddine Yazid Zerhouni said ""a suspect person who was among the crowd attempted to go beyond the security cordon,"" but the person escaped ""immediately after the bomb exploded,"" the press service reported. Bouteflika made his visit to Batna as planned, adding a stop at a hospital to visit the wounded before he returned to the capital. There was no immediate claim of responsibility for the bombing. Algeria faces a continuing Islamic insurgency, according to the CIA. In July, 33 people were killed in apparent suicide bombings in Algiers that were claimed by an al Qaeda-affiliated group. Bouteflika said terrorist acts have nothing in common with the noble values of Islam, the press service reported. E-mail to a friend . CNN's Mohammed Tawfeeq contributed to this report.",cnn_dailymail,8/29/2026,Summarization,Medium,General Knowledge/Cross-Domain
T0202,"Summarize this article: (CNN) -- Football superstar, celebrity, fashion icon, multimillion-dollar heartthrob. Now, David Beckham is headed for the Hollywood Hills as he takes his game to U.S. Major League Soccer. CNN looks at how Bekham fulfilled his dream of playing for Manchester United, and his time playing for England. The world's famous footballer has begun a five-year contract with the Los Angeles Galaxy team, and on Friday Beckham will meet the press and reveal his new shirt number. This week, we take an in depth look at the life and times of Beckham, as CNN's very own ""Becks,"" Becky Anderson, sets out to examine what makes the man tick -- as footballer, fashion icon and global phenomenon. It's a long way from the streets of east London to the Hollywood Hills and Becky charts Beckham's incredible rise to football stardom, a journey that has seen his skills grace the greatest stages in world soccer. She goes in pursuit of the current hottest property on the sports/celebrity circuit in the U.S. and along the way explores exactly what's behind the man with the golden boot. CNN will look back at the life of Beckham, the wonderfully talented youngster who fulfilled his dream of playing for Manchester United, his marriage to pop star Victoria, and the trials and tribulations of playing for England. We'll look at the highs (scoring against Greece), the lows (being sent off during the World Cup), the Man. U departure for the Galacticos of Madrid -- and now the Home Depot stadium in L.A. We'll ask how Beckham and his family will adapt to life in Los Angeles -- the people, the places to see and be seen and the celebrity endorsement. Beckham is no stranger to exposure. He has teamed with Reggie Bush in an Adidas commercial, is the face of Motorola, is the face on a PlayStation game and doesn't need fashion tips as he has his own international clothing line. But what does the star couple need to do to become an accepted part of Tinseltown's glitterati? The road to major league football in the U.S.A. is a well-worn route for some of the world's greatest players. We talk to some of the former greats who came before him and examine what impact these overseas stars had on U.S. soccer and look at what is different now. We also get a rare glimpse inside the David Beckham academy in L.A, find out what drives the kids and who are their heroes. The perception that in the U.S.A. soccer is a ""game for girls"" after the teenage years is changing. More and more young kids are choosing the European game over the traditional U.S. sports. E-mail to a friend .",cnn_dailymail,8/29/2026,Summarization,Medium,General Knowledge/Cross-Domain
T0204,"Summarize this document. A fire alarm went off at the Holiday Inn in Hope Street at about 04:20 BST on Saturday and guests were asked to leave the hotel. As they gathered outside they saw the two buses, parked side-by-side in the car park, engulfed by flames. One of the tour groups is from Germany, the other from China and Taiwan. It was their first night in Northern Ireland. The driver of one of the buses said many of the passengers had left personal belongings on board and these had been destroyed. Both groups have organised replacement coaches and will begin their tour of the north coast later than they had planned. Police have appealed for information about the attack.",Xsum,8/29/2026,Summarization,Medium,General Knowledge/Cross-Domain
T0205,"Summarize this document. Ferrari appeared in a position to challenge until the final laps, when the Mercedes stretched their legs to go half a second clear of the red cars. Sebastian Vettel will start third ahead of team-mate Kimi Raikkonen. The world champion subsequently escaped punishment for reversing in the pit lane, which could have seen him stripped of pole. Belgian Stoffel Vandoorne out-qualified McLaren team-mate Jenson Button on his Formula 1 debut. Mercedes were wary of Ferrari's pace before qualifying after Vettel and Raikkonen finished one-two in final practice.",Xsum,8/29/2026,Summarization,Medium,General Knowledge/Cross-Domain
T0206,"Summarize this document. John Edward Bates, formerly of Spalding, Lincolnshire, but now living in London, faces a total of 22 charges, including two counts of indecency with a child. The 67-year-old is accused of committing the offences between March 1972 and October 1989. Mr Bates denies all the charges. Grace Hale, prosecuting, told the jury that the allegations of sexual abuse were made by four male complainants and related to when Mr Bates was a scout leader in South Lincolnshire and Cambridgeshire.",Xsum,8/29/2026,Summarization,Medium,General Knowledge/Cross-Domain
T0207,"Summarize this document. Patients and staff were evacuated from Cerahpasa hospital on Wednesday after a man receiving treatment at the clinic threatened to shoot himself and others. Officers were deployed to negotiate with the man, a young police officer. Earlier reports that the armed man had taken several people hostage proved incorrect. The chief consultant of Cerahpasa hospital, Zekayi Kutlubay, who was evacuated from the facility, said that there had been no hostage crises, adding that the man was alone in the room.",Xsum,8/29/2026,Summarization,Medium,General Knowledge/Cross-Domain
T0209,"Summarize this document. Veronica Vanessa Chango-Alverez, 31, was killed and another man injured when an Audi A3 struck them in Streatham High Road at 05:30 GMT on Saturday. Ten minutes before the crash the car was in London Road, Croydon, when a Volkswagen Passat collided with a tree. Police want to trace Nathan Davis, 27, who they say has links to the Audi. The car was abandoned at the scene. Ms Chango-Alverez died from multiple injuries, a post-mortem examination found.",Xsum,8/29/2026,Summarization,Medium,General Knowledge/Cross-Domain
T0210,"Summarize this document. Belgian cyclist Demoitie died after a collision with a motorbike during Belgium's Gent-Wevelgem race. The 25-year-old was hit by the motorbike after several riders came down in a crash as the race passed through northern France. Team Sky's Rowe said the main issues come when cars or motorbikes have to pass the peloton and pass riders. Demoitie, who was riding for the Wanty-Gobert team, was taken to hospital in Lille but died later.",Xsum,8/29/2026,Summarization,Medium,General Knowledge/Cross-Domain
T0211,"Summarize this document. Gundogan, 26, told BBC Sport he can see the finishing line after tearing cruciate knee ligaments in December, but will not rush his return. The German missed the 2014 World Cup following back surgery that kept him out for a year, and sat out Euro 2016 because of a dislocated kneecap. Gundogan will not be fit for the start of the Premier League season at Brighton on 12 August but said his recovery time is now being measured in weeks rather than months.",Xsum,8/29/2026,Summarization,Medium,General Knowledge/Cross-Domain
T0212,"Summarize this document. The crash happened about 07:20 GMT at the junction of the A127 and Progress Road in Leigh-on-Sea, Essex. The man, who police said is aged in his 20s, was treated at the scene for a head injury and suspected multiple fractures, the ambulance service said. He was airlifted to the Royal London Hospital for further treatment. The Southend-bound carriageway of the A127 was closed for about six hours while police conducted their initial inquiries.",Xsum,8/29/2026,Summarization,Medium,General Knowledge/Cross-Domain
T0213,Summarize this document. 23 October 2015 Last updated at 17:44 BST. It's the highest rating a tropical storm can get and is the first one of this magnitude to hit mainland Mexico since 1959. But how are the categories decided and what do they mean? Newsround reporter Jenny Lawrence explains.,Xsum,8/29/2026,Summarization,Medium,General Knowledge/Cross-Domain
T0216,Write a function to count the most common words in a dictionary.,google-research-datasets (MBPP),8/29/2026,Coding & Debugging,Low,Software Engineering & Technology
T0217,Write a python function to find the volume of a triangular prism.,google-research-datasets (MBPP),8/29/2026,Coding & Debugging,Low,Software Engineering & Technology
T0219,Write a function to find sequences of lowercase letters joined with an underscore.,google-research-datasets (MBPP),8/29/2026,Coding & Debugging,Low,Software Engineering & Technology
T0220,Write a function to find the perimeter of a square.,google-research-datasets (MBPP),8/29/2026,Coding & Debugging,Low,Software Engineering & Technology
T0222,Write a function to find whether a given array of integers contains any duplicate element.,google-research-datasets (MBPP),8/29/2026,Coding & Debugging,Low,Software Engineering & Technology
T0223,Write a function to check if the given number is woodball or not.,google-research-datasets (MBPP),8/29/2026,Coding & Debugging,Low,Software Engineering & Technology
T0224,Write a function to find m number of multiples of n.,google-research-datasets (MBPP),8/29/2026,Coding & Debugging,Low,Software Engineering & Technology
T0225,Write a function to find the first duplicate element in a given array of integers.,google-research-datasets (MBPP),8/29/2026,Coding & Debugging,Low,Software Engineering & Technology
T0226,Write a python function to find the maximum sum of elements of list in a list of lists.,google-research-datasets (MBPP),8/29/2026,Coding & Debugging,Low,Software Engineering & Technology
T0227,Write a function to convert the given binary number to its decimal equivalent.,google-research-datasets (MBPP),8/29/2026,Coding & Debugging,Low,Software Engineering & Technology
T0230,Write a python function to remove all digits from a list of strings.,google-research-datasets (MBPP),8/29/2026,Coding & Debugging,Low,Software Engineering & Technology
T0231,Write a python function to find binomial co-efficient.,google-research-datasets (MBPP),8/29/2026,Coding & Debugging,Medium,Software Engineering & Technology
T0232,Write a python function to find the element occurring odd number of times.,google-research-datasets (MBPP),8/29/2026,Coding & Debugging,Low,Software Engineering & Technology
T0233,Write a python function to count all the substrings starting and ending with same characters.,google-research-datasets (MBPP),8/29/2026,Coding & Debugging,Low,Software Engineering & Technology
T0234,"Fix this Python function.def add(a, b) return a + b",SWE-bench,8/29/2026,Coding & Debugging,Low,Software Engineering & Technology
T0236,Refactor this JavaScript loop to use `map` instead of a `for` loop. let result = []; for (let i = 0; i < arr.length; i++) { result.push(arr[i] * 2);},SWE-bench,8/29/2026,Coding & Debugging,Low,Software Engineering & Technology
T0237,"Debug why this Python code throws `IndexError: list index out of range`.arr = [1, 2, 3] print(arr[3])",SWE-bench,8/29/2026,Coding & Debugging,Low,Software Engineering & Technology
T0238,Write a Python function to check if a string is a palindrome.,SWE-bench,8/29/2026,Coding & Debugging,Low,Software Engineering & Technology
T0239,"Review this code for bugs.def divide(a, b):return a / b",SWE-bench,8/29/2026,Coding & Debugging,Low,Software Engineering & Technology
T0240,Write a SQL query to get the second highest salary from an `employees` table.,SWE-bench,8/29/2026,Coding & Debugging,Medium,Software Engineering & Technology
T0241,Fix this JavaScript function that should return the sum of an array but returns NaN.function sum(arr) {let total;arr.forEach(n => total += n);return total;},SWE-bench,8/29/2026,Coding & Debugging,Low,Software Engineering & Technology
T0243,Explain and fix this infinite loop bug. i = 0 while i < 10: print(i),SWE-bench,8/29/2026,Coding & Debugging,Low,Software Engineering & Technology
T0244,"Refactor this repetitive code into a reusable function. print('Hello, Alice') print('Hello, Bob') print('Hello, Carol')",SWE-bench,8/29/2026,Coding & Debugging,Low,Software Engineering & Technology
T0245,Write a SQL query to join `orders` and `customers` tables and show each order with the customer's name.,SWE-bench,8/29/2026,Coding & Debugging,Medium,Software Engineering & Technology
T0246,Fix the off-by-one error in this loop that's supposed to print numbers 1 to 5. for i in range(5): print(i),SWE-bench,8/29/2026,Coding & Debugging,Low,Software Engineering & Technology
T0248,"Debug this code that's supposed to filter even numbers but returns an empty list. nums = [1, 2, 3, 4, 5, 6] evens = [n for n in nums if n % 2 = 0]",SWE-bench,8/29/2026,Coding & Debugging,Low,Software Engineering & Technology
T0250,"Convert this callback-based Node.js function to use async/await. function getData(cb) { fs.readFile('file.txt', (err, data) => { if (err) return cb(err); cb(null, data); }); }",SWE-bench,8/29/2026,Coding & Debugging,Medium,Software Engineering & Technology
T0252,Write a function in Python to remove duplicates from a list while preserving order.,SWE-bench,8/29/2026,Coding & Debugging,Low,Software Engineering & Technology
T0253,Review this SQL query for performance issues. SELECT * FROM orders WHERE YEAR(order_date) = 2024;,SWE-bench,8/29/2026,Coding & Debugging,Medium,Software Engineering & Technology
T0255,Write a Python function to validate an email address using regex.,SWE-bench,8/29/2026,Coding & Debugging,Medium,Software Engineering & Technology
T0256,Debug why this recursive function causes a stack overflow. def countdown(n): print(n) countdown(n - 1),SWE-bench,8/29/2026,Coding & Debugging,Low,Software Engineering & Technology
T0257,Write a SQL query to find customers who have never placed an order.,SWE-bench,8/29/2026,Coding & Debugging,Medium,Software Engineering & Technology
T0258,Refactor this nested if-else chain into a cleaner structure. if score >= 90: grade = 'A' else: if score >= 80: grade = 'B' else: if score >= 70: grade = 'C' else: grade = 'F',SWE-bench,8/29/2026,Coding & Debugging,Low,Software Engineering & Technology
T0259,Fix this Python code that's supposed to open a file safely but leaks the file handle. f = open('data.txt') data = f.read(),SWE-bench,8/29/2026,Coding & Debugging,Medium,Software Engineering & Technology
T0261,"Review this code for a potential SQL injection vulnerability. query = ""SELECT * FROM users WHERE username = '"" + username + ""'"" cursor.execute(query)",SWE-bench,8/29/2026,Coding & Debugging,Medium,Software Engineering & Technology
T0263,"Fix this bug where a default mutable argument causes unexpected shared state. def add_item(item, items=[]): items.append(item) return items",SWE-bench,8/29/2026,Coding & Debugging,Medium,Software Engineering & Technology
T0264,Write a SQL query to calculate the total revenue per month from a `sales` table with `amount` and `sale_date` columns.,SWE-bench,8/29/2026,Coding & Debugging,Medium,Software Engineering & Technology
T0267,Fix this bug where a Python function compares floats and fails due to precision issues. if 0.1 + 0.2 == 0.3: print('equal'),SWE-bench,8/29/2026,Coding & Debugging,Medium,Software Engineering & Technology
T0268,Write a SQL query to add a new column `status` with a default value of `'active'` to an existing `users` table.,SWE-bench,8/29/2026,Coding & Debugging,Low,Software Engineering & Technology
T0269,"Review and improve this Python code for readability and PEP 8 compliance. def calc(x,y,z): if x==1: return y+z else: return y-z",SWE-bench,8/29/2026,Coding & Debugging,Low,Software Engineering & Technology
T0271,A manager notices that employees who work longer hours often complete more projects. Can the manager conclude that longer working hours cause higher productivity? Explain.,mmlu,8/29/2026,Analytical/Logical Reasoning,Medium,General Knowledge/Cross-Domain
T0272,Three candidates applied for a job. Ali has more experience than Sara. Sara has more experience than Omar. Who has the most experience?,mmlu,8/29/2026,Analytical/Logical Reasoning,Low,General Knowledge/Cross-Domain
T0275,A store offers a discount only to customers who have a membership card. Mona receives the discount. What can logically be inferred?,mmlu,8/29/2026,Analytical/Logical Reasoning,Low,General Knowledge/Cross-Domain
T0277,"If all certified employees have completed the required training, and Lina is certified, what can be concluded about Lina?",mmlu,8/29/2026,Analytical/Logical Reasoning,Low,General Knowledge/Cross-Domain
T0279,"A company wants to reduce employee turnover. One proposal increases salaries, while another improves workplace flexibility. Employee surveys show that most departing employees cite low pay as a major reason for leaving. Which proposal has stronger evidence behind it?",mmlu,8/29/2026,Analytical/Logical Reasoning,Medium,General Knowledge/Cross-Domain
T0280,A rule says that only users who verify their email can access a private account. Karim cannot access the account because his email is not verified. Is this consistent with the rule?,mmlu,8/29/2026,Analytical/Logical Reasoning,Low,General Knowledge/Cross-Domain
T0282,"A project has three tasks: A must be completed before B, and B must be completed before C. If A is not finished, can C be completed according to the required sequence?",mmlu,8/29/2026,Analytical/Logical Reasoning,Low,General Knowledge/Cross-Domain
T0283,A doctor has two possible treatments. Treatment A is well studied and has known side effects. Treatment B is experimental with limited evidence. Which treatment generally provides a more predictable risk profile?,mmlu,8/29/2026,Analytical/Logical Reasoning,Medium,General Knowledge/Cross-Domain
T0284,"A company receives a complaint that its website is difficult to navigate. Before redesigning the entire website, what would be the most logical first step?",mmlu,8/29/2026,Analytical/Logical Reasoning,Medium,General Knowledge/Cross-Domain
T0286,A security system generates an alert whenever unusual login activity is detected. An alert was generated for an account. What can be concluded?,mmlu,8/29/2026,Analytical/Logical Reasoning,Low,General Knowledge/Cross-Domain
T0288,A company can spend its limited budget on either employee training or new office furniture. Customer complaints indicate that employees lack knowledge needed to serve customers correctly. Which investment is more logically justified?,mmlu,8/29/2026,Analytical/Logical Reasoning,Medium,General Knowledge/Cross-Domain
T0289,A researcher observes that people who exercise regularly tend to report better sleep. What additional evidence would make the claim that exercise improves sleep more convincing?,mmlu,8/29/2026,Analytical/Logical Reasoning,Medium,General Knowledge/Cross-Domain
T0290,"A company has two cybersecurity strategies. Strategy A protects only one critical server but provides strong protection. Strategy B provides moderate protection across all systems. If attackers usually target the critical server, which strategy is more appropriate?",mmlu,8/29/2026,Analytical/Logical Reasoning,Medium,General Knowledge/Cross-Domain
T0291,"Five people are standing in a line. Ahmed is before Mona, and Mona is before Youssef. Who must be before Youssef?",mmlu,8/29/2026,Analytical/Logical Reasoning,Low,General Knowledge/Cross-Domain
T0292,A company claims that its new software is faster because one employee completed a task more quickly after using it. Is this sufficient evidence to establish that the software is faster?,mmlu,8/29/2026,Analytical/Logical Reasoning,Medium,General Knowledge/Cross-Domain
T0293,A rule states that applications submitted after Friday will not be considered. An application was submitted on Thursday. Should it be rejected solely because of the submission date?,mmlu,8/29/2026,Analytical/Logical Reasoning,Low,General Knowledge/Cross-Domain
T0294,A hospital must choose between purchasing additional emergency equipment and renovating its waiting room. Emergency equipment is currently insufficient. Which choice should be prioritized from a patient-safety perspective?,mmlu,8/29/2026,Analytical/Logical Reasoning,Medium,General Knowledge/Cross-Domain
T0295,A student gets high grades after attending every class. Can we conclude that attendance alone caused the high grades?,mmlu,8/29/2026,Analytical/Logical Reasoning,Medium,General Knowledge/Cross-Domain
T0296,A company notices that sales increased after it launched an advertising campaign. What should it examine before concluding that the campaign caused the increase?,mmlu,8/29/2026,Analytical/Logical Reasoning,Medium,General Knowledge/Cross-Domain
T0300,A school wants to improve student performance. Test results show that students struggle mainly with reading comprehension rather than mathematics. Which intervention is more logically targeted?,BIG-Bench-Hard,8/29/2026,Analytical/Logical Reasoning,Medium,General Knowledge/Cross-Domain
T0301,"A company has three possible projects. Project A has high potential profit but very high risk. Project B has moderate profit and moderate risk. Project C has low profit and low risk. If the company has a low tolerance for risk, which project is most suitable?",BIG-Bench-Hard,8/29/2026,Analytical/Logical Reasoning,Medium,General Knowledge/Cross-Domain
T0302,"If no employees without security training are allowed to access sensitive systems, and Omar has access to a sensitive system, what can be inferred?",BIG-Bench-Hard,8/29/2026,Analytical/Logical Reasoning,Low,General Knowledge/Cross-Domain
T0303,"A manager receives two reports about the same incident. One report was written by a direct witness, while the other was based on rumors. Which report should generally receive greater evidential weight?",BIG-Bench-Hard,8/29/2026,Analytical/Logical Reasoning,Low,General Knowledge/Cross-Domain
T0306,"A company introduces a new security policy, but employees are not informed about it. Later, several employees violate the policy. What is a reasonable explanation for the violations?",BIG-Bench-Hard,8/29/2026,Analytical/Logical Reasoning,Medium,General Knowledge/Cross-Domain
T0307,"A researcher has two explanations for an observation. Explanation A requires several unsupported assumptions, while Explanation B explains the observation using fewer assumptions and existing evidence. Which explanation is generally preferable?",BIG-Bench-Hard,8/29/2026,Analytical/Logical Reasoning,Medium,General Knowledge/Cross-Domain
T0308,A company wants to enter a new market. Research shows strong demand but also strict regulations and established competitors. What should the company do before entering?,BIG-Bench-Hard,8/29/2026,Analytical/Logical Reasoning,High,General Knowledge/Cross-Domain
T0309,A task can only begin after both Task A and Task B are completed. Task A is complete but Task B is not. Can the task begin?,BIG-Bench-Hard,8/29/2026,Analytical/Logical Reasoning,Low,General Knowledge/Cross-Domain
T0310,A manager wants to know whether a training program improved employee performance. Which comparison would provide useful evidence?,BIG-Bench-Hard,8/29/2026,Analytical/Logical Reasoning,Medium,General Knowledge/Cross-Domain
T0311,"A company has a limited budget for risk reduction. Risk A could cause minor financial losses frequently, while Risk B is unlikely but could cause a catastrophic loss. Which risk should management carefully evaluate before allocating the budget?",BIG-Bench-Hard,8/29/2026,Analytical/Logical Reasoning,High,General Knowledge/Cross-Domain
T0312,A rule states that every approved application receives a confirmation email. Sara has not received a confirmation email. Can we conclude that her application was rejected?,BIG-Bench-Hard,8/29/2026,Analytical/Logical Reasoning,Low,General Knowledge/Cross-Domain
T0313,"A company notices that two departments have conflicting priorities. Department A wants to reduce costs, while Department B wants to improve quality. What is the most logical way to resolve the conflict?",BIG-Bench-Hard,8/29/2026,Analytical/Logical Reasoning,Medium,General Knowledge/Cross-Domain
T0315,"Natalia sold clips to 48 of her friends in April, and then she sold half as many clips in May. How many clips did Natalia sell altogether in April and May?",openai/gsm8k,8/29/2026,Mathematical Reasoning,Medium,Mathematics & Quantitative
T0316,"Weng earns $12 an hour for babysitting. Yesterday, she just did 50 minutes of babysitting. How much did she earn?",openai/gsm8k,8/29/2026,Mathematical Reasoning,Medium,Mathematics & Quantitative
T0319,James writes a 3-page letter to 2 different friends twice a week. How many pages does he write a year?,openai/gsm8k,8/29/2026,Mathematical Reasoning,Medium,Mathematics & Quantitative
T0320,"Mark has a garden with flowers. He planted plants of three different colors in it. Ten of them are yellow, and there are 80% more of those in purple. There are only 25% as many green flowers as there are yellow and purple flowers. How many flowers does Mark have in his garden?",openai/gsm8k,8/29/2026,Mathematical Reasoning,Medium,Mathematics & Quantitative
T0321,"Albert is wondering how much pizza he can eat in one day. He buys 2 large pizzas and 2 small pizzas. A large pizza has 16 slices and a small pizza has 8 slices. If he eats it all, how many pieces does he eat that day?",openai/gsm8k,8/29/2026,Mathematical Reasoning,Medium,Mathematics & Quantitative
T0322,"Ken created a care package to send to his brother, who was away at boarding school. Ken placed a box on a scale, and then he poured into the box enough jelly beans to bring the weight to 2 pounds. Then, he added enough brownies to cause the weight to triple. Next, he added another 2 pounds of jelly beans. And finally, he added enough gummy worms to double the weight once again. What was the final weight of the box of goodies, in pounds?",openai/gsm8k,8/29/2026,Mathematical Reasoning,Medium,Mathematics & Quantitative
T0323,"Alexis is applying for a new job and bought a new set of business clothes to wear to the interview. She went to a department store with a budget of $200 and spent $30 on a button-up shirt, $46 on suit pants, $38 on a suit coat, $11 on socks, and $18 on a belt. She also purchased a pair of shoes, but lost the receipt for them. She has $16 left from her budget. How much did Alexis pay for the shoes?",openai/gsm8k,8/29/2026,Mathematical Reasoning,Medium,Mathematics & Quantitative
T0324,"Tina makes $18.00 an hour. If she works more than 8 hours per shift, she is eligible for overtime, which is paid by your hourly wage + 1/2 your hourly wage. If she works 10 hours every day for 5 days, how much money does she make?",openai/gsm8k,8/29/2026,Mathematical Reasoning,Medium,Mathematics & Quantitative
T0326,"Tobias is buying a new pair of shoes that costs $95. He has been saving up his money each month for the past three months. He gets a $5 allowance a month. He also mows lawns and shovels driveways. He charges $15 to mow a lawn and $7 to shovel. After buying the shoes, he has $15 in change. If he mows 4 lawns, how many driveways did he shovel?",openai/gsm8k,8/29/2026,Mathematical Reasoning,Medium,Mathematics & Quantitative
T0327,Randy has 60 mango trees on his farm. He also has 5 less than half as many coconut trees as mango trees. How many trees does Randy have in all on his farm?,openai/gsm8k,8/29/2026,Mathematical Reasoning,Medium,Mathematics & Quantitative
T0328,"Jasper will serve charcuterie at his dinner party. He buys 2 pounds of cheddar cheese for $10, a pound of cream cheese that cost half the price of the cheddar cheese, and a pack of cold cuts that cost twice the price of the cheddar cheese. How much does he spend on the ingredients?",openai/gsm8k,8/29/2026,Mathematical Reasoning,Medium,Mathematics & Quantitative
T0329,Joy can read 8 pages of a book in 20 minutes. How many hours will it take her to read 120 pages?,openai/gsm8k,8/29/2026,Mathematical Reasoning,Medium,Mathematics & Quantitative
T0330,James creates a media empire. He creates a movie for $2000. Each DVD cost $6 to make. He sells it for 2.5 times that much. He sells 500 movies a day for 5 days a week. How much profit does he make in 20 weeks?,openai/gsm8k,8/29/2026,Mathematical Reasoning,Medium,Mathematics & Quantitative
T0332,"In a truck, there are 26 pink hard hats, 15 green hard hats, and 24 yellow hard hats. If Carl takes away 4 pink hard hats, and John takes away 6 pink hard hats and twice as many green hard hats as the number of pink hard hats that he removed, then calculate the total number of hard hats that remained in the truck.",openai/gsm8k,8/29/2026,Mathematical Reasoning,Medium,Mathematics & Quantitative
T0333,It takes Roque two hours to walk to work and one hour to ride his bike to work. Roque walks to and from work three times a week and rides his bike to and from work twice a week. How many hours in total does he take to get to and from work a week with walking and biking?,openai/gsm8k,8/29/2026,Mathematical Reasoning,Medium,Mathematics & Quantitative
T0334,Tim rides his bike back and forth to work for each of his 5 workdays. His work is 20 miles away. He also goes for a weekend bike ride of 200 miles. If he can bike at 25 mph how much time does he spend biking a week?,openai/gsm8k,8/29/2026,Mathematical Reasoning,Medium,Mathematics & Quantitative
T0336,"Each bird eats 12 beetles per day, each snake eats 3 birds per day, and each jaguar eats 5 snakes per day. If there are 6 jaguars in a forest, how many beetles are eaten each day?",openai/gsm8k,8/29/2026,Mathematical Reasoning,Medium,Mathematics & Quantitative
T0337,"Samantha’s last name has three fewer letters than Bobbie’s last name. If Bobbie took two letters off her last name, she would have a last name twice the length of Jamie’s. Jamie’s full name is Jamie Grey. How many letters are in Samantha’s last name?",openai/gsm8k,8/29/2026,Mathematical Reasoning,Medium,Mathematics & Quantitative
T0338,"Ann's favorite store was having a summer clearance. For $75 she bought 5 pairs of shorts for $7 each and 2 pairs of shoes for $10 each. She also bought 4 tops, all at the same price. How much did each top cost?",openai/gsm8k,8/29/2026,Mathematical Reasoning,Medium,Mathematics & Quantitative
T0339,"Mary does her grocery shopping on Saturday. She does her shopping only at a specific store where she is allowed a credit of $100, which must be paid in full before her next shopping trip. That week she spent the full credit limit and paid $15 of it on Tuesday and $23 on Thursday. How much credit will Mary need to pay before her next shopping trip?",openai/gsm8k,8/29/2026,Mathematical Reasoning,Medium,Mathematics & Quantitative
T0340,"Ralph is going to practice playing tennis with a tennis ball machine that shoots out tennis balls for Ralph to hit. He loads up the machine with 175 tennis balls to start with. Out of the first 100 balls, he manages to hit 2/5 of them. Of the next 75 tennis balls, he manages to hit 1/3 of them. Out of all the tennis balls, how many did Ralph not hit?",openai/gsm8k,8/29/2026,Mathematical Reasoning,Medium,Mathematics & Quantitative
T0341,"Jack is stranded on a desert island. He wants some salt to season his fish. He collects 2 liters of seawater in an old bucket. If the water is 20% salt, how many ml of salt will Jack get when all the water evaporates?",openai/gsm8k,8/29/2026,Mathematical Reasoning,Medium,Mathematics & Quantitative
T0343,"There are 5 houses on a street, and each of the first four houses has 3 gnomes in the garden. If there are a total of 20 gnomes on the street, how many gnomes does the fifth house have?",openai/gsm8k,8/29/2026,Mathematical Reasoning,Medium,Mathematics & Quantitative
T0344,Mrs. Snyder used to spend 40% of her monthly income on rent and utilities. Her salary was recently increased by $600 so now her rent and utilities only amount to 25% of her monthly income. How much was her previous monthly income?,openai/gsm8k,8/29/2026,Mathematical Reasoning,Medium,Mathematics & Quantitative
T0346,"Noah is a painter. He paints pictures and sells them at the park. He charges $60 for a large painting and $30 for a small painting. Last month he sold eight large paintings and four small paintings. If he sold twice as much this month, how much is his sales for this month?",openai/gsm8k,8/29/2026,Mathematical Reasoning,Medium,Mathematics & Quantitative
T0349,"Mr. Sam shared a certain amount of money between his two sons, Ken and Tony. If Ken got $1750, and Tony got twice as much as Ken, how much was the money shared?",openai/gsm8k,8/29/2026,Mathematical Reasoning,Medium,Mathematics & Quantitative
T0353,Artemis is making tea for a party. She knows her mom drinks an 8-ounce cup of tea and uses one ounce of tea. She will use this same ratio for the party. The party has 12 people there and each of them wants a 6-ounce cup of tea. How many ounces of tea does she need?,openai/gsm8k,8/29/2026,Mathematical Reasoning,Medium,Mathematics & Quantitative
T0354,"Design an end-to-end AI system: Real-Time Fraud Scoring Service (transaction risk classification) targeting ~35,000 QPS and p99 < 45 ms.",devpkprajapati/ai-system-design-instruct,8/29/2026,Architecture & System Design,High,Software Engineering & Technology
T0356,"Design an end-to-end AI system: Voice Assistant Orchestrator (speech-to-action pipeline) targeting ~4,800 QPS and p99 < 700 ms.",devpkprajapati/ai-system-design-instruct,8/29/2026,Architecture & System Design,High,Software Engineering & Technology
T0357,"Design an end-to-end AI system: LLM API Gateway (multi-tenant inference routing) targeting ~22,500 QPS and p99 < 2500 ms.",devpkprajapati/ai-system-design-instruct,8/29/2026,Architecture & System Design,High,Software Engineering & Technology
T0359,"Design an end-to-end AI system: Voice Assistant Orchestrator (speech-to-action pipeline) targeting ~7,500 QPS and p99 < 700 ms.",devpkprajapati/ai-system-design-instruct,8/29/2026,Architecture & System Design,High,Software Engineering & Technology
T0360,"Design an end-to-end AI system: Real-Time Fraud Scoring Service (transaction risk classification) targeting ~52,500 QPS and p99 < 45 ms.",devpkprajapati/ai-system-design-instruct,8/29/2026,Architecture & System Design,High,Software Engineering & Technology
T0362,"Design an end-to-end AI system: LLM API Gateway (multi-tenant inference routing) targeting ~27,000 QPS and p99 < 2500 ms.",devpkprajapati/ai-system-design-instruct,8/29/2026,Architecture & System Design,High,Software Engineering & Technology
T0364,"Design an end-to-end AI system: Voice Assistant Orchestrator (speech-to-action pipeline) targeting ~9,000 QPS and p99 < 700 ms.",devpkprajapati/ai-system-design-instruct,8/29/2026,Architecture & System Design,High,Software Engineering & Technology
T0365,"Design an end-to-end AI system: Real-Time Fraud Scoring Service (transaction risk classification) targeting ~43,750 QPS and p99 < 45 ms.",devpkprajapati/ai-system-design-instruct,8/29/2026,Architecture & System Design,High,Software Engineering & Technology
T0367,"Design an end-to-end AI system: Real-Time Fraud Scoring Service (transaction risk classification) targeting ~28,000 QPS and p99 < 45 ms.",devpkprajapati/ai-system-design-instruct,8/29/2026,Architecture & System Design,High,Software Engineering & Technology
T0368,"Design an end-to-end AI system: LLM API Gateway (multi-tenant inference routing) targeting ~14,400 QPS and p99 < 2500 ms.",devpkprajapati/ai-system-design-instruct,8/29/2026,Architecture & System Design,High,Software Engineering & Technology
T0370,"Design an end-to-end AI system: LLM API Gateway (multi-tenant inference routing) targeting ~18,000 QPS and p99 < 2500 ms.",devpkprajapati/ai-system-design-instruct,8/29/2026,Architecture & System Design,High,Software Engineering & Technology
T0373,"Design an end-to-end AI system: Voice Assistant Orchestrator (speech-to-action pipeline) targeting ~6,000 QPS and p99 < 700 ms.",devpkprajapati/ai-system-design-instruct,8/29/2026,Architecture & System Design,High,Software Engineering & Technology
T0374,"Design an end-to-end AI system: Code Review Copilot (automated PR analysis & suggestion) targeting ~3,125 QPS and p99 < 4000 ms.",devpkprajapati/ai-system-design-instruct,8/29/2026,Architecture & System Design,High,Software Engineering & Technology
T0375,"Design an end-to-end AI system: Image Moderation Service (content-safety classification at upload) targeting ~37,500 QPS and p99 < 150 ms.",devpkprajapati/ai-system-design-instruct,8/29/2026,Architecture & System Design,High,Software Engineering & Technology
T0376,"Design an end-to-end AI system: Anomaly Detection for Observability (metric/log/trace anomaly scoring) targeting ~120,000 QPS and p99 < 60 ms.",devpkprajapati/ai-system-design-instruct,8/29/2026,Architecture & System Design,High,Software Engineering & Technology
T0377,"Design an end-to-end AI system: Code Review Copilot (automated PR analysis & suggestion) targeting ~2,000 QPS and p99 < 4000 ms.",devpkprajapati/ai-system-design-instruct,8/29/2026,Architecture & System Design,High,Software Engineering & Technology
T0378,"Design an end-to-end AI system: Conversational Support Agent (tier-1 customer support automation) targeting ~11,250 QPS and p99 < 2200 ms.",devpkprajapati/ai-system-design-instruct,8/29/2026,Architecture & System Design,High,Software Engineering & Technology
T0379,"Design an end-to-end AI system: Anomaly Detection for Observability (metric/log/trace anomaly scoring) targeting ~100,000 QPS and p99 < 60 ms.",devpkprajapati/ai-system-design-instruct,8/29/2026,Architecture & System Design,High,Software Engineering & Technology
T0381,"Design an end-to-end AI system: Image Moderation Service (content-safety classification at upload) targeting ~30,000 QPS and p99 < 150 ms.",devpkprajapati/ai-system-design-instruct,8/29/2026,Architecture & System Design,High,Software Engineering & Technology
T0382,"Design an end-to-end AI system: Image Moderation Service (content-safety classification at upload) targeting ~45,000 QPS and p99 < 150 ms.",devpkprajapati/ai-system-design-instruct,8/29/2026,Architecture & System Design,High,Software Engineering & Technology
T0383,"Design an end-to-end AI system: Image Moderation Service (content-safety classification at upload) targeting ~24,000 QPS and p99 < 150 ms.",devpkprajapati/ai-system-design-instruct,8/29/2026,Architecture & System Design,High,Software Engineering & Technology
T0384,"Design an end-to-end AI system: Code Review Copilot (automated PR analysis & suggestion) targeting ~3,750 QPS and p99 < 4000 ms.",devpkprajapati/ai-system-design-instruct,8/29/2026,Architecture & System Design,High,Software Engineering & Technology
T0385,"Design an end-to-end AI system: Anomaly Detection for Observability (metric/log/trace anomaly scoring) targeting ~64,000 QPS and p99 < 60 ms.",devpkprajapati/ai-system-design-instruct,8/29/2026,Architecture & System Design,High,Software Engineering & Technology
T0386,"Design an end-to-end AI system: Conversational Support Agent (tier-1 customer support automation) targeting ~7,200 QPS and p99 < 2200 ms.",devpkprajapati/ai-system-design-instruct,8/29/2026,Architecture & System Design,High,Software Engineering & Technology
T0387,"Design an end-to-end AI system: Recommendation Ranking Platform (personalized feed ranking) targeting ~96,000 QPS and p99 < 80 ms.",devpkprajapati/ai-system-design-instruct,8/29/2026,Architecture & System Design,High,Software Engineering & Technology
T0388,"Design an end-to-end AI system: Code Review Copilot (automated PR analysis & suggestion) targeting ~2,500 QPS and p99 < 4000 ms.",devpkprajapati/ai-system-design-instruct,8/29/2026,Architecture & System Design,High,Software Engineering & Technology
T0390,"Design an end-to-end AI system: Conversational Support Agent (tier-1 customer support automation) targeting ~9,000 QPS and p99 < 2200 ms.",devpkprajapati/ai-system-design-instruct,8/29/2026,Architecture & System Design,High,Software Engineering & Technology
T0391,"Design an end-to-end AI system: Document Intelligence Pipeline (OCR + extraction over scanned docs) targeting ~3,200 QPS and p99 < 3500 ms.",devpkprajapati/ai-system-design-instruct,8/29/2026,Architecture & System Design,High,Software Engineering & Technology
T0394,"Design an end-to-end AI system: AI-Native Git Platform (version control with AI review & search) targeting ~18,000 git operations/sec and p99 < 900 ms.",devpkprajapati/ai-system-design-instruct,8/29/2026,Architecture & System Design,High,Software Engineering & Technology
T0395,"Design an end-to-end AI system: PowerShell Copilot Service (natural-language to PowerShell automation) targeting ~4,375 command requests/sec and p99 < 2500 ms.",devpkprajapati/ai-system-design-instruct,8/29/2026,Architecture & System Design,High,Software Engineering & Technology
T0399,"Design an end-to-end AI system: AI Observability Platform (log/metric/trace analysis with AI RCA) targeting ~70,000 telemetry querys/sec and p99 < 250 ms.",devpkprajapati/ai-system-design-instruct,8/29/2026,Architecture & System Design,High,Software Engineering & Technology
T0400,"Design an end-to-end AI system: AI Observability Platform (log/metric/trace analysis with AI RCA) targeting ~105,000 telemetry querys/sec and p99 < 250 ms.",devpkprajapati/ai-system-design-instruct,8/29/2026,Architecture & System Design,High,Software Engineering & Technology
T0404,"Design an end-to-end AI system: AI-Enhanced API Gateway (request routing with AI rate-shaping & threat scoring) targeting ~150,000 API calls/sec and p99 < 40 ms.",devpkprajapati/ai-system-design-instruct,8/29/2026,Architecture & System Design,High,Software Engineering & Technology
T0405,"Design an end-to-end AI system: PowerShell Copilot Service (natural-language to PowerShell automation) targeting ~5,250 command requests/sec and p99 < 2500 ms.",devpkprajapati/ai-system-design-instruct,8/29/2026,Architecture & System Design,High,Software Engineering & Technology
T0406,"Design an end-to-end AI system: AI-Augmented Search Engine (crawl, index & semantic web search) targeting ~75,000 querys/sec and p99 < 200 ms.",devpkprajapati/ai-system-design-instruct,8/29/2026,Architecture & System Design,High,Software Engineering & Technology
T0407,"Design an end-to-end AI system: AI-Augmented Search Engine (crawl, index & semantic web search) targeting ~60,000 querys/sec and p99 < 200 ms.",devpkprajapati/ai-system-design-instruct,8/29/2026,Architecture & System Design,High,Software Engineering & Technology
T0409,"Design an end-to-end AI system: AI-Driven CI/CD Pipeline (Jenkins-style) (build orchestration with AI triage) targeting ~6,250 pipeline runs/sec and p99 < 1500 ms.",devpkprajapati/ai-system-design-instruct,8/29/2026,Architecture & System Design,High,Software Engineering & Technology
T0411,"Design an end-to-end AI system: AI Observability Platform (log/metric/trace analysis with AI RCA) targeting ~87,500 telemetry querys/sec and p99 < 250 ms.",devpkprajapati/ai-system-design-instruct,8/29/2026,Architecture & System Design,High,Software Engineering & Technology
T0412,"Design an end-to-end AI system: AI-Aware Package Registry (artifact hosting with vuln & quality scoring) targeting ~25,000 package requests/sec and p99 < 300 ms.",devpkprajapati/ai-system-design-instruct,8/29/2026,Architecture & System Design,High,Software Engineering & Technology
T0415,Monolith vs. microservices for this use case?,HLD-Bench,8/29/2026,Architecture & System Design,Medium,Software Engineering & Technology
T0416,Design a URL shortener like bit.ly.,HLD-Bench,8/29/2026,Architecture & System Design,High,Software Engineering & Technology
T0417,Design a rate limiter for an API gateway.,HLD-Bench,8/29/2026,Architecture & System Design,High,Software Engineering & Technology
T0419,Design a chat application like WhatsApp.,HLD-Bench,8/29/2026,Architecture & System Design,High,Software Engineering & Technology
T0420,Design a distributed cache.,HLD-Bench,8/29/2026,Architecture & System Design,High,Software Engineering & Technology
T0421,"How would you design a notification system that supports push, SMS, and email?",HLD-Bench,8/29/2026,Architecture & System Design,High,Software Engineering & Technology
T0422,Design an e-commerce checkout system.,HLD-Bench,8/29/2026,Architecture & System Design,High,Software Engineering & Technology
T0423,Design a file storage service like Dropbox.,HLD-Bench,8/29/2026,Architecture & System Design,High,Software Engineering & Technology
T0425,Design a video streaming service like YouTube.,HLD-Bench,8/29/2026,Architecture & System Design,High,Software Engineering & Technology
T0426,Design a payment processing system.,HLD-Bench,8/29/2026,Architecture & System Design,High,Software Engineering & Technology
T0427,How do you handle database sharding for a multi-tenant SaaS app?,HLD-Bench,8/29/2026,Architecture & System Design,High,Software Engineering & Technology
T0428,Design a search autocomplete system.,HLD-Bench,8/29/2026,Architecture & System Design,High,Software Engineering & Technology
T0430,Design a logging and monitoring pipeline for microservices.,HLD-Bench,8/29/2026,Architecture & System Design,High,Software Engineering & Technology
T0432,Design a ticket booking system for a concert.,HLD-Bench,8/29/2026,Architecture & System Design,High,Software Engineering & Technology
T0433,How would you achieve high availability for a critical service?,HLD-Bench,8/29/2026,Architecture & System Design,High,Software Engineering & Technology
T0434,Design a recommendation engine for an online store.,HLD-Bench,8/29/2026,Architecture & System Design,High,Software Engineering & Technology
T0436,Design a rate-limited API for a public developer platform.,HLD-Bench,8/29/2026,Architecture & System Design,High,Software Engineering & Technology
T0437,"Design a social media ""like"" counter that scales to millions of users.",HLD-Bench,8/29/2026,Architecture & System Design,High,Software Engineering & Technology
T0438,How would you design for eventual consistency in a distributed system?,HLD-Bench,8/29/2026,Architecture & System Design,High,Software Engineering & Technology
T0439,Design a system to detect fraud in real-time transactions.,HLD-Bench,8/29/2026,Architecture & System Design,High,Software Engineering & Technology
T0440,Design a leaderboard system for a gaming platform.,HLD-Bench,8/29/2026,Architecture & System Design,High,Software Engineering & Technology
T0441,Design a multi-region deployment strategy for disaster recovery.,HLD-Bench,8/29/2026,Architecture & System Design,High,Software Engineering & Technology
T0442,How do you decide between synchronous REST and asynchronous messaging?,HLD-Bench,8/29/2026,Architecture & System Design,Medium,Software Engineering & Technology
T0443,Design an ad click tracking and reporting pipeline.,HLD-Bench,8/29/2026,Architecture & System Design,High,Software Engineering & Technology
T0444,Design a system for real-time collaborative document editing (like Google Docs).,HLD-Bench,8/29/2026,Architecture & System Design,High,Software Engineering & Technology
T0445,Design a scalable image resizing/thumbnail service.,HLD-Bench,8/29/2026,Architecture & System Design,High,Software Engineering & Technology
T0446,Design a URL crawler / web scraper at scale.,HLD-Bench,8/29/2026,Architecture & System Design,High,Software Engineering & Technology
T0448,Design a system to handle flash-sale traffic spikes.,HLD-Bench,8/29/2026,Architecture & System Design,High,Software Engineering & Technology
T0450,Design a metrics/telemetry collection system.,HLD-Bench,8/29/2026,Architecture & System Design,High,Software Engineering & Technology
T0451,Design a distributed task queue.,HLD-Bench,8/29/2026,Architecture & System Design,High,Software Engineering & Technology
T0452,What are the trade-offs of using an API gateway vs. direct service-to-service calls?,HLD-Bench,8/29/2026,Architecture & System Design,Medium,Software Engineering & Technology
T0454,Design a system for storing and querying time-series data.,HLD-Bench,8/29/2026,Architecture & System Design,High,Software Engineering & Technology
T0456,How would you design a system to support blue-green deployments?,HLD-Bench,8/29/2026,Architecture & System Design,Medium,Software Engineering & Technology
T0457,Design a system for handling large file uploads reliably.,HLD-Bench,8/29/2026,Architecture & System Design,High,Software Engineering & Technology
T0458,Design an event-driven architecture for order processing.,HLD-Bench,8/29/2026,Architecture & System Design,High,Software Engineering & Technology
T0459,"What database would you choose for a social graph, and why?",HLD-Bench,8/29/2026,Architecture & System Design,Medium,Software Engineering & Technology
T0460,Design a system for A/B testing at scale.,HLD-Bench,8/29/2026,Architecture & System Design,High,Software Engineering & Technology
T0461,How would you design for graceful degradation under high load?,HLD-Bench,8/29/2026,Architecture & System Design,High,Software Engineering & Technology
T0462,Design a multi-tenant database architecture.,HLD-Bench,8/29/2026,Architecture & System Design,High,Software Engineering & Technology
T0464,Design a system to prevent double-spending in a wallet app.,HLD-Bench,8/29/2026,Architecture & System Design,High,Software Engineering & Technology
T0466,Design a session management system for a distributed web app.,HLD-Bench,8/29/2026,Architecture & System Design,High,Software Engineering & Technology
T0467,What's the trade-off between strong consistency and availability (CAP theorem) in practice?,HLD-Bench,8/29/2026,Analytical/Logical Reasoning,Medium,Software Engineering & Technology
T0469,Write a launch email in an upbeat tone.,Hugging Face Creative Writing datasets,8/29/2026,Creative & Open-Ended Generation,Low,Language & Communication
T0470,Brainstorm 10 app names for a meditation app.,Hugging Face Creative Writing datasets,8/29/2026,Creative & Open-Ended Generation,Low,General Knowledge/Cross-Domain
T0471,Write a tagline for a coffee brand.,Hugging Face Creative Writing datasets,8/29/2026,Creative & Open-Ended Generation,Low,Language & Communication
T0472,Brainstorm 10 names for a pet grooming business.,Hugging Face Creative Writing datasets,8/29/2026,Creative & Open-Ended Generation,Low,General Knowledge/Cross-Domain
T0473,Write an original haiku about autumn.,Hugging Face Creative Writing datasets,8/29/2026,Creative & Open-Ended Generation,Low,Language & Communication
T0476,Write a birthday message for a close friend.,Hugging Face Creative Writing datasets,8/29/2026,Creative & Open-Ended Generation,Low,Language & Communication
T0477,Write a product description for wireless earbuds.,Hugging Face Creative Writing datasets,8/29/2026,Creative & Open-Ended Generation,Low,Language & Communication
T0480,Write an Instagram caption for a sunset photo.,Hugging Face Creative Writing datasets,8/29/2026,Creative & Open-Ended Generation,Low,Language & Communication
T0481,Brainstorm 10 taglines for a fitness app.,Hugging Face Creative Writing datasets,8/29/2026,Creative & Open-Ended Generation,Low,General Knowledge/Cross-Domain
T0483,Write the opening paragraph of a fantasy novel.,Hugging Face Creative Writing datasets,8/29/2026,Creative & Open-Ended Generation,Low,Language & Communication
T0486,Write a villain's monologue for a superhero movie.,Hugging Face Creative Writing datasets,8/29/2026,Creative & Open-Ended Generation,Low,Language & Communication
T0487,Brainstorm 5 taglines for a car insurance company.,Hugging Face Creative Writing datasets,8/29/2026,Creative & Open-Ended Generation,Low,General Knowledge/Cross-Domain
T0488,Write a thank-you note to a mentor.,Hugging Face Creative Writing datasets,8/29/2026,Creative & Open-Ended Generation,Low,Language & Communication
T0489,Write a short bedtime story for a 5-year-old about a brave mouse.,Hugging Face Creative Writing datasets,8/29/2026,Creative & Open-Ended Generation,Low,Language & Communication
T0490,Brainstorm 10 names for a podcast about true crime.,Hugging Face Creative Writing datasets,8/29/2026,Creative & Open-Ended Generation,Low,General Knowledge/Cross-Domain
T0492,Write a breakup text that's kind but firm.,Hugging Face Creative Writing datasets,8/29/2026,Creative & Open-Ended Generation,Low,Language & Communication
T0493,Brainstorm 5 metaphors for time passing quickly.,Hugging Face Creative Writing datasets,8/29/2026,Creative & Open-Ended Generation,Low,General Knowledge/Cross-Domain
T0494,Write a scene where two strangers meet at a bus stop.,Hugging Face Creative Writing datasets,8/29/2026,Creative & Open-Ended Generation,Low,Language & Communication
T0496,Brainstorm 10 usernames for a gaming account.,Hugging Face Creative Writing datasets,8/29/2026,Creative & Open-Ended Generation,Low,General Knowledge/Cross-Domain
T0497,Write a short poem about loneliness.,Hugging Face Creative Writing datasets,8/29/2026,Creative & Open-Ended Generation,Low,Language & Communication
T0498,Write an apology letter for missing a friend's event.,Hugging Face Creative Writing datasets,8/29/2026,Creative & Open-Ended Generation,Low,Language & Communication
T0499,Brainstorm 10 names for a food truck.,Hugging Face Creative Writing datasets,8/29/2026,Creative & Open-Ended Generation,Low,General Knowledge/Cross-Domain
T0500,Write a villain origin story in 3 sentences.,Hugging Face Creative Writing datasets,8/29/2026,Creative & Open-Ended Generation,Low,Language & Communication
T0501,Write a LinkedIn post announcing a new job.,Hugging Face Creative Writing datasets,8/29/2026,Creative & Open-Ended Generation,Low,Language & Communication
T0502,Brainstorm 5 slogans for a recycling campaign.,Hugging Face Creative Writing datasets,8/29/2026,Creative & Open-Ended Generation,Low,General Knowledge/Cross-Domain
T0503,Write a short sci-fi story premise.,Hugging Face Creative Writing datasets,8/29/2026,Creative & Open-Ended Generation,Low,Language & Communication
T0505,Brainstorm 10 names for a fantasy kingdom.,Hugging Face Creative Writing datasets,8/29/2026,Creative & Open-Ended Generation,Low,General Knowledge/Cross-Domain
T0506,Write a eulogy excerpt for a beloved grandparent.,Hugging Face Creative Writing datasets,8/29/2026,Creative & Open-Ended Generation,Low,Language & Communication
T0507,Write a funny excuse for being late to work.,Hugging Face Creative Writing datasets,8/29/2026,Creative & Open-Ended Generation,Low,Language & Communication
T0509,Write a dialogue between a robot and its creator.,Hugging Face Creative Writing datasets,8/29/2026,Creative & Open-Ended Generation,Low,Language & Communication
T0510,Write a poem about first snow.,Hugging Face Creative Writing datasets,8/29/2026,Creative & Open-Ended Generation,Low,Language & Communication
T0513,Write a congratulatory message for a graduation.,Hugging Face Creative Writing datasets,8/29/2026,Creative & Open-Ended Generation,Low,Language & Communication
T0517,Brainstorm 10 names for a startup that makes reusable straws.,Hugging Face Creative Writing datasets,8/29/2026,Creative & Open-Ended Generation,Low,General Knowledge/Cross-Domain
T0519,Write a scene of a heist gone wrong.,Hugging Face Creative Writing datasets,8/29/2026,Creative & Open-Ended Generation,Low,Language & Communication
T0520,Brainstorm 5 slogans for a library.,Hugging Face Creative Writing datasets,8/29/2026,Creative & Open-Ended Generation,Low,General Knowledge/Cross-Domain
T0521,Write a poem about resilience.,Hugging Face Creative Writing datasets,8/29/2026,Creative & Open-Ended Generation,Low,Language & Communication
T0522,Write a fictional news headline from the year 2150.,Hugging Face Creative Writing datasets,8/29/2026,Creative & Open-Ended Generation,Low,Language & Communication
T0523,Brainstorm 10 names for a boutique hotel.,Hugging Face Creative Writing datasets,8/29/2026,Creative & Open-Ended Generation,Low,General Knowledge/Cross-Domain
T0525,Write a short fable with a moral about patience.,Hugging Face Creative Writing datasets,8/29/2026,Creative & Open-Ended Generation,Low,Language & Communication
T0526,Brainstorm 5 taglines for a mattress company.,Hugging Face Creative Writing datasets,8/29/2026,Creative & Open-Ended Generation,Low,General Knowledge/Cross-Domain
T0527,Write a monologue for a character saying goodbye to their hometown.,Hugging Face Creative Writing datasets,8/29/2026,Creative & Open-Ended Generation,Low,Language & Communication
T0528,Write a product name and tagline for a new energy drink.,Hugging Face Creative Writing datasets,8/29/2026,Creative & Open-Ended Generation,Low,Language & Communication
T0530,Write a short piece of flash fiction (100 words) about a time traveler.,Hugging Face Creative Writing datasets,8/29/2026,Creative & Open-Ended Generation,Low,Language & Communication
T0531,Write a persuasive tweet promoting a charity event.,Hugging Face Creative Writing datasets,8/29/2026,Creative & Open-Ended Generation,Low,Language & Communication
T0532,Brainstorm 5 metaphors for starting over.,Hugging Face Creative Writing datasets,8/29/2026,Creative & Open-Ended Generation,Low,General Knowledge/Cross-Domain
T0533,Write an opening scene for a stage play set in a diner.,Hugging Face Creative Writing datasets,8/29/2026,Creative & Open-Ended Generation,Low,Language & Communication
T0534,Write a whimsical description of a magical forest.,Hugging Face Creative Writing datasets,8/29/2026,Creative & Open-Ended Generation,Low,Language & Communication
T0537,Write a cover letter opening paragraph that stands out.,Hugging Face Creative Writing datasets,8/29/2026,Creative & Open-Ended Generation,Low,Language & Communication
T0538,Brainstorm 5 taglines for an artisanal chocolate brand.,Hugging Face Creative Writing datasets,8/29/2026,Creative & Open-Ended Generation,Low,General Knowledge/Cross-Domain
T0539,Write a Python function to check if two strings are anagrams of each other.,SWE-bench,8/29/2026,Coding & Debugging,Low,Software Engineering & Technology
